1513728000000,0.00018296,0.000188,0.00015714,0.00018091,91847.076344
1513814400000,0.00018091,0.0004,0.000156,0.00029555,108759.189516
1513900800000,0.000289,0.00029224,0.00023752,0.00023771,60102.920741
1513987200000,0.00025083,0.000298,0.00023502,0.00029792,61505.772875
1514073600000,0.00028951,0.000298,0.000276,0.00028353,55861.425238
1514160000000,0.00028351,0.00043101,0.00027,0.00039447,59427.137848
1514246400000,0.00038963,0.00048,0.000308,0.0003477,33061.255146
1514332800000,0.00033571,0.00045983,0.000309,0.00035401,40371.743333
1514419200000,0.00034986,0.00036914,0.000308,0.00035863,30206.25554
1514505600000,0.00034576,0.00035807,0.00031,0.000325,11388.888185
1514592000000,0.00032,0.00051995,0.00031386,0.00038493,22816.267444
1514678400000,0.00038614,0.00043971,0.0003708,0.0004,11220.029455
1514764800000,0.0004,0.00043884,0.00036054,0.00039908,9563.888252
1514851200000,0.00040003,0.00069995,0.0004,0.00061371,30216.737913
1514937600000,0.00061371,0.00068987,0.00055,0.000559,33545.931698
1515024000000,0.00056975,0.00068877,0.0005123,0.00056181,31353.439655
1515110400000,0.0005591,0.00061,0.000421,0.0005338,35488.159171
1515196800000,0.0005337,0.00060979,0.00044,0.00053066,28908.177218
1515283200000,0.00053066,0.00073,0.0005,0.00061819,52135.057051
1515369600000,0.00063,0.00071,0.0005751,0.00060756,30860.899823
1515456000000,0.00068991,0.00079,0.00058312,0.00079,51656.732404
1515542400000,0.00079,0.0008,0.000611,0.00063887,54200.619725
1515628800000,0.00062995,0.00066998,0.00054,0.00060089,53260.542725
1515715200000,0.00060897,0.00065996,0.00053691,0.00058001,42758.584963
1515801600000,0.00060048,0.00060093,0.0005,0.00057483,40992.899239
1515888000000,0.00057477,0.0006375,0.00053027,0.00062994,60615.8553
1515974400000,0.00062994,0.0006375,0.0005,0.00055417,42013.008758
1516060800000,0.00055416,0.00060299,0.00044,0.00047675,103059.0788
1516147200000,0.00047674,0.00058058,0.00041,0.00051088,38078.052906
1516233600000,0.00051088,0.00053966,0.00046595,0.000466,45315.579693
1516320000000,0.00048098,0.00050077,0.00044506,0.00047801,33736.562415
1516406400000,0.00047801,0.00054,0.000444,0.00053898,39089.071656
1516492800000,0.00052999,0.00053894,0.000463,0.00049064,14511.874947
1516579200000,0.00049905,0.00049905,0.0004272,0.00045835,16418.484155
1516665600000,0.00045121,0.0004592,0.00041679,0.00043232,18953.257766
1516752000000,0.00042152,0.00046865,0.00042017,0.00044677,23333.243446
1516838400000,0.00044677,0.00045221,0.00042473,0.00043898,28726.451421
1516924800000,0.00042704,0.000445,0.00041,0.00041502,21950.101818
1517011200000,0.00043125,0.0005316,0.00040123,0.00052,43403.473069
1517097600000,0.00052,0.00053885,0.00046145,0.00047654,45247.849432
1517184000000,0.00047655,0.00049536,0.00043901,0.00046356,28127.490914
1517270400000,0.00046482,0.00047954,0.000411,0.00043361,36541.326837
1517356800000,0.00043361,0.00044787,0.00041037,0.00043147,18300.554441
1517443200000,0.00043125,0.000448,0.000379,0.00041378,34230.897798
1517529600000,0.00040295,0.0004216,0.000331,0.00037806,29063.416406
1517616000000,0.000376,0.00041049,0.0003722,0.000388,17585.456748
1517702400000,0.00039178,0.0003995,0.00035121,0.00038,13275.882749
1517788800000,0.00037008,0.00037483,0.00025,0.00032513,40236.803188
1517875200000,0.0003267,0.00037699,0.00028569,0.00036325,39628.008737
1517961600000,0.00036773,0.00039482,0.00032,0.00033102,27315.126873
1518048000000,0.00034288,0.00039037,0.00032001,0.00037281,29981.421191
1518134400000,0.00037286,0.00038179,0.00025439,0.00035066,106168.898422
1518220800000,0.00035078,0.00035839,0.0003128,0.0003205,16160.903678
1518307200000,0.00033376,0.00035868,0.00030005,0.00035328,27068.038096
1518393600000,0.00034656,0.0003579,0.00033,0.00033498,17711.373741
1518480000000,0.00033462,0.00035389,0.00032126,0.00032354,30144.934864
1518566400000,0.00032778,0.00033788,0.0003104,0.00031359,29775.662729
1518652800000,0.0003136,0.00033,0.00029199,0.00029722,22402.604244
1518739200000,0.00029743,0.00033,0.000286,0.00032072,21122.76052
1518825600000,0.00033,0.00038132,0.00031177,0.00035825,46225.347751
1518912000000,0.0003556,0.00038136,0.00031689,0.00031851,39121.244747
1518998400000,0.00031927,0.00035923,0.000318,0.00033438,19219.002749
1519084800000,0.00034252,0.00035109,0.00027999,0.0002953,24038.258182
1519171200000,0.00028497,0.00032283,0.00027594,0.00027984,21606.186737
1519257600000,0.00028184,0.00030762,0.00027156,0.00028793,14026.185998
1519344000000,0.00029703,0.000319,0.00028954,0.00030128,15108.380103
1519430400000,0.00030134,0.00030908,0.00028917,0.00029775,7133.363917
1519516800000,0.00030484,0.000339,0.00029741,0.000339,17913.788414
1519603200000,0.000339,0.0003391,0.00029,0.00030027,24498.311302
1519689600000,0.0002994,0.00030682,0.00028111,0.00028154,11472.555435
1519776000000,0.00028072,0.00028537,0.00026,0.00026962,13595.140908
1519862400000,0.00026217,0.00029117,0.00025707,0.00029018,16153.161936
1519948800000,0.00028888,0.00030987,0.00027741,0.0002995,26854.391795
1520035200000,0.0002992,0.0002992,0.00026617,0.00028119,15032.341194
1520121600000,0.00028138,0.000292,0.000268,0.00027756,18734.358897
1520208000000,0.00027542,0.00029041,0.00027542,0.00027697,8933.306045
1520294400000,0.00028001,0.00028377,0.00026605,0.000269,8719.322284
1520380800000,0.00027265,0.00029054,0.0002525,0.00026374,23198.187761
1520467200000,0.00026462,0.0002994,0.00025401,0.000265,26122.311971
1520553600000,0.00027172,0.00027172,0.00024821,0.0002631,19431.254975
1520640000000,0.00026289,0.00027865,0.00025555,0.00026358,13810.349872
1520726400000,0.00025401,0.00026777,0.00025116,0.00025277,6997.58665
1520812800000,0.00025754,0.00026227,0.00025102,0.00025511,6399.192946
1520899200000,0.00025511,0.00026463,0.00025012,0.0002578,8224.805483
1520985600000,0.0002572,0.00028,0.00025,0.00026461,20907.225588
1521072000000,0.0002649,0.00039,0.00025231,0.00032895,85384.267257
1521244800000,0.00031127,0.00031883,0.00028511,0.00028536,12498.737608
1521331200000,0.00028505,0.00032953,0.00026131,0.00031831,22218.072822
1521417600000,0.00031174,0.00034286,0.0002929,0.00032313,23741.160771
1521504000000,0.00032307,0.00033436,0.00031038,0.00032701,9450.360516
1521590400000,0.00032,0.00037872,0.00031324,0.000349,41873.972656
1521676800000,0.00034871,0.00036821,0.000325,0.00033938,17479.866394
1521763200000,0.00034864,0.000351,0.000312,0.000312,13638.590231
1521849600000,0.000312,0.00035919,0.000312,0.00033549,16832.179881
1521936000000,0.00033549,0.00034048,0.00031827,0.00032139,10739.626362
1522022400000,0.0003279,0.00034009,0.00029765,0.00031331,18524.180271
1522108800000,0.00031316,0.00032605,0.0002951,0.00031752,17823.402581
1522195200000,0.00031752,0.00031837,0.0003,0.000308,18193.507222
1522281600000,0.0003,0.00030968,0.00028501,0.00029061,30649.262274
1522368000000,0.0002903,0.00029843,0.000281,0.00029629,9807.652973
1522540800000,0.00029827,0.000308,0.00027682,0.00028421,13229.029584
1522627200000,0.00028562,0.00029928,0.000275,0.0002962,12251.177361
1522713600000,0.0002962,0.00031,0.00028296,0.00030028,7150.487762
1522800000000,0.00029859,0.00030973,0.0002802,0.00028854,8542.922947
1522886400000,0.00028598,0.00028755,0.000277,0.00027794,7991.585097
1523059200000,0.00027955,0.00032442,0.00027782,0.0002919,21673.762568
1523232000000,0.00030261,0.00031374,0.0003,0.0003115,5793.181969
1523404800000,0.00030455,0.00033991,0.0003,0.00033986,19129.145383
1523491200000,0.00032763,0.00036363,0.00031487,0.00035441,27277.959689
1523577600000,0.00036092,0.000374,0.00033015,0.000341,13958.637955
1523664000000,0.00033595,0.00036447,0.00033513,0.00034438,7268.808577
1523836800000,0.00035577,0.00037799,0.00033916,0.00037799,13522.586776
1523923200000,0.00037799,0.00039371,0.0003685,0.000374,11487.827916
1524009600000,0.00037346,0.00038757,0.00037001,0.00038228,5566.540929
1524096000000,0.00037849,0.00039581,0.00037707,0.00039343,17285.533922
1524182400000,0.00039516,0.00039586,0.00037004,0.00037999,11592.9239
1524268800000,0.00037648,0.00043602,0.0003521,0.00042207,41759.313162
1524355200000,0.00041629,0.00046546,0.00041426,0.00045057,37199.431286
1524441600000,0.00044263,0.00046791,0.00042,0.00044394,36843.289699
1524528000000,0.00044394,0.0004521,0.000419,0.000419,26660.071226
1524614400000,0.000419,0.00043069,0.00036538,0.0003891,57803.212524
1524700800000,0.00038901,0.00041999,0.00038176,0.00040387,31170.417786
1524787200000,0.00040351,0.00041239,0.00039482,0.00039996,27100.460434
1524873600000,0.00039631,0.00041999,0.00039482,0.00041055,29010.562776
1524960000000,0.00041524,0.00042998,0.00039999,0.00041322,26350.106055
1525046400000,0.00041335,0.0004337,0.00039504,0.00039881,24659.236726
1525132800000,0.00039588,0.00042478,0.00037414,0.00041455,27613.280521
1525219200000,0.00041448,0.00043197,0.00040146,0.0004259,16777.606123
1525305600000,0.0004259,0.00043749,0.00038129,0.00039864,17152.675467
1525392000000,0.00039884,0.000415,0.00037,0.00037701,18873.354191
1525564800000,0.00036981,0.0003762,0.00034687,0.00035993,13996.361742
1525737600000,0.00036571,0.00036967,0.00034,0.0003476,9619.936416
1525824000000,0.0003473,0.00036055,0.00032291,0.00033039,15114.453181
1525910400000,0.00032701,0.0003595,0.000322,0.000325,18257.018714
1525996800000,0.00032301,0.00034072,0.00030138,0.000327,29618.93434
1526083200000,0.00032907,0.00036371,0.0003121,0.00035722,23159.087644
1526169600000,0.00035654,0.00038,0.000343,0.0003625,15962.969548
1526256000000,0.0003684,0.00041977,0.00034343,0.0003484,84098.19815
1526342400000,0.0003484,0.00035008,0.00032359,0.00032736,29122.731473
1526428800000,0.00032698,0.00032806,0.00030263,0.00031359,17738.290851
1526515200000,0.00031359,0.00033076,0.00030391,0.00030399,20370.018997
1526601600000,0.00030399,0.00032968,0.00030395,0.00031001,15432.268787
1526688000000,0.0003,0.00032008,0.00028977,0.00030198,31041.04223
1526774400000,0.00030197,0.00030809,0.0002971,0.00030017,5847.051785
1526947200000,0.0002935,0.00029845,0.00026948,0.00027447,12161.9701
1527033600000,0.00027441,0.00030492,0.00025888,0.00028214,26551.892135
1527120000000,0.00028001,0.000299,0.0002702,0.00029479,15826.868008
1527206400000,0.00029105,0.00029903,0.000278,0.000278,9727.725691
1527379200000,0.0002752,0.00028821,0.00027173,0.00027173,9082.760324
1527552000000,0.00025934,0.00028589,0.00025722,0.00027635,20436.025615
1527811200000,0.00028113,0.00028113,0.00027049,0.000278,4144.956487
1527897600000,0.00027796,0.0002887,0.00027796,0.00028682,10504.593326
1528243200000,0.00028493,0.0002919,0.00027496,0.00027731,15431.062771
1528588800000,0.00026191,0.00026627,0.00024748,0.00025171,13710.630271
1528848000000,0.00022829,0.00026638,0.00022382,0.00022609,22761.939274
1528934400000,0.00023083,0.00024698,0.00022406,0.0002458,9159.639859
1529452800000,0.00020943,0.00021026,0.00019657,0.0002034,9336.641572
1529798400000,0.00017993,0.0001876,0.00016182,0.00017286,11619.851728
1529971200000,0.00017701,0.00018003,0.00016587,0.00016884,10662.63596
1530057600000,0.00016521,0.00016906,0.00015224,0.00016048,16523.755261
1530144000000,0.00016102,0.00016103,0.00012174,0.00013995,17544.774698
1530230400000,0.00013995,0.00016373,0.00013992,0.00016,20713.608787
1530316800000,0.00015701,0.000171,0.000145,0.00015034,11185.995496
1530489600000,0.00016326,0.00018761,0.00015931,0.00017065,10284.942528
1530576000000,0.00017567,0.00018276,0.00016011,0.00016012,14412.284282
1530835200000,0.000161,0.00016688,0.00015461,0.00015975,11585.337862
1531008000000,0.0001611,0.00016503,0.00015611,0.0001586,2986.639265
1531094400000,0.0001586,0.00016307,0.000142,0.00014373,5165.326007
1531180800000,0.00014357,0.0001484,0.00013301,0.0001356,18395.360173
1531267200000,0.0001382,0.00015034,0.00013272,0.00015034,13028.877939
1531353600000,0.00015345,0.00015345,0.0001334,0.0001405,10053.953022
1531440000000,0.00014049,0.00015264,0.00014049,0.00014693,21616.480452
1531526400000,0.00014908,0.00015264,0.00014382,0.00015264,3317.058982
1531872000000,0.000152,0.00016256,0.00014016,0.00014016,14656.7054
1532390400000,0.00010874,0.00010874,9.57e-05,9.756e-05,16207.917842
1532563200000,0.00010986,0.0001137,9.47e-05,0.00010252,17560.520641
1532649600000,0.00010031,0.000112,0.0001,0.00010563,14826.374314
1532736000000,0.00010563,0.00010696,0.00010184,0.00010561,6172.788276
1533081600000,9.469e-05,9.5e-05,8.89e-05,8.92e-05,18234.485972
1533168000000,9.06e-05,9.208e-05,7.924e-05,8.154e-05,21785.869527
1533254400000,8.052e-05,8.704e-05,7.279e-05,8.448e-05,17377.837992
1533340800000,8.587e-05,8.836e-05,7.841e-05,8.2e-05,7214.603682
1533600000000,8.547e-05,9.105e-05,8.04e-05,8.288e-05,11965.080858
1533686400000,8.007e-05,8.3e-05,7.041e-05,7.968e-05,16893.271731
1533945600000,7.75e-05,7.762e-05,6.709e-05,6.975e-05,7161.477189
1534204800000,5.894e-05,6.47e-05,5.42e-05,6.221e-05,42084.661296
1534291200000,5.925e-05,6.355e-05,5.449e-05,5.908e-05,24274.933483
1534464000000,6.343e-05,7.869e-05,6.251e-05,7.652e-05,31820.429644
1534550400000,7.775e-05,9.083e-05,7.271e-05,7.774e-05,24287.770784
1534636800000,7.527e-05,8.628e-05,7.051e-05,8.001e-05,13197.825365
1534723200000,8.02e-05,8.32e-05,7.227e-05,7.229e-05,15702.265507
1535155200000,8.675e-05,9.843e-05,8.473e-05,9.481e-05,28893.898733
1535414400000,9.547e-05,9.78e-05,9.128e-05,9.219e-05,19980.792249
1535500800000,9.435e-05,9.536e-05,8.665e-05,8.683e-05,37952.876786
1535673600000,8.523e-05,9.687e-05,8.149e-05,8.431e-05,19098.097742
1535846400000,8.668e-05,8.751e-05,8.124e-05,8.339e-05,5297.041995
1535932800000,8.409e-05,8.409e-05,7.679e-05,8.034e-05,20444.906375
1536105600000,8.033e-05,8.035e-05,6.644e-05,6.644e-05,17464.729324
1536192000000,6.663e-05,7.065e-05,6.513e-05,7.065e-05,18915.69346
1536883200000,6.649e-05,6.978e-05,5.98e-05,6.786e-05,12204.950693
1536969600000,6.66e-05,7.129e-05,6.66e-05,6.841e-05,5012.611721
1537488000000,7.085e-05,7.313e-05,6.864e-05,7.2e-05,28177.904966
1537574400000,7.2e-05,7.2e-05,6.737e-05,6.86e-05,51725.779584
1537660800000,6.86e-05,7.014e-05,6.759e-05,6.916e-05,2413.999855
1537747200000,6.888e-05,7.471e-05,6.7e-05,6.84e-05,10697.59663
1537920000000,6.561e-05,6.584e-05,6.136e-05,6.319e-05,6345.163802
1538092800000,6.35e-05,6.525e-05,6.173e-05,6.443e-05,13711.51571
1538438400000,6.585e-05,6.789e-05,6.286e-05,6.55e-05,37128.575475
1538524800000,6.55e-05,6.723e-05,6e-05,6.327e-05,30540.697616
1538697600000,6.412e-05,6.89e-05,6.412e-05,6.8e-05,25863.525727
1538784000000,6.882e-05,6.89e-05,6.608e-05,6.732e-05,19346.180905
1538870400000,6.736e-05,6.921e-05,6.553e-05,6.553e-05,34353.077934
1538956800000,6.553e-05,6.961e-05,6.46e-05,6.917e-05,54473.593408
1539043200000,6.917e-05,7.161e-05,6.632e-05,6.889e-05,11604.084402
1539129600000,6.881e-05,6.881e-05,6.599e-05,6.734e-05,4667.059908
1539216000000,6.736e-05,6.8e-05,6e-05,6.1e-05,41767.234222
1539302400000,6.099e-05,6.399e-05,5.899e-05,6.045e-05,24164.094973
1539388800000,6.045e-05,7.926e-05,6.045e-05,7.061e-05,82890.883287
1539475200000,7.069e-05,8.1e-05,6.768e-05,6.822e-05,150484.443254
1539561600000,6.755e-05,7.062e-05,6.2e-05,6.549e-05,56306.077887
1539907200000,6.8e-05,6.921e-05,6.463e-05,6.721e-05,10014.286052
1540080000000,6.725e-05,6.791e-05,6.501e-05,6.51e-05,10638.769667
1540425600000,6.642e-05,6.642e-05,6.307e-05,6.509e-05,53413.456359
1540512000000,6.491e-05,7.063e-05,6.42e-05,6.794e-05,63618.179989
1540598400000,6.904e-05,7e-05,6.336e-05,6.558e-05,28622.11631
1540684800000,6.463e-05,6.6e-05,6.426e-05,6.515e-05,8250.261734
1540771200000,6.496e-05,6.656e-05,6.25e-05,6.342e-05,32261.528558
1540944000000,6.418e-05,6.55e-05,6.25e-05,6.536e-05,14892.756028
1541030400000,6.426e-05,6.779e-05,6.406e-05,6.61e-05,9691.365009
1541203200000,6.62e-05,6.659e-05,6.369e-05,6.4e-05,18992.276509
1541289600000,6.401e-05,6.558e-05,6.224e-05,6.337e-05,16042.094013
1541376000000,6.337e-05,6.422e-05,6.125e-05,6.377e-05,8003.65927
1541548800000,6.387e-05,6.496e-05,6.252e-05,6.321e-05,15145.328004
1541635200000,6.321e-05,6.41e-05,6.173e-05,6.342e-05,5489.883684
1541808000000,6.26e-05,6.488e-05,6.157e-05,6.361e-05,18669.322134
1541894400000,6.359e-05,6.359e-05,6.1e-05,6.288e-05,9553.012445
1541980800000,6.169e-05,6.288e-05,6e-05,6.221e-05,12165.072212
1542153600000,5.998e-05,6.186e-05,5.095e-05,5.62e-05,91359.962686
1542240000000,5.7e-05,5.77e-05,4.9e-05,5.384e-05,69078.062405
1542326400000,5.332e-05,5.387e-05,4.913e-05,4.913e-05,25436.64817
1542412800000,5.041e-05,5.143e-05,4.759e-05,4.841e-05,9150.187888
1542499200000,4.84e-05,4.997e-05,4.721e-05,4.85e-05,7084.889257
1542585600000,4.93e-05,4.93e-05,4.001e-05,4.25e-05,55150.259621
1542672000000,4.168e-05,4.251e-05,3.575e-05,3.734e-05,35923.134661
1542758400000,3.9e-05,4.125e-05,3.753e-05,4.11e-05,27150.786618
1542844800000,3.976e-05,4.088e-05,3.865e-05,3.981e-05,19019.036955
1543017600000,3.774e-05,4.049e-05,3.335e-05,3.472e-05,23547.997474
1543104000000,3.475e-05,3.55e-05,3.188e-05,3.386e-05,12729.96748
1543190400000,3.358e-05,3.712e-05,3.182e-05,3.471e-05,28407.883733
1543363200000,3.61e-05,3.681e-05,3.433e-05,3.519e-05,69648.125101
1543449600000,3.519e-05,4.197e-05,3.475e-05,3.998e-05,61124.08711
1543536000000,3.958e-05,4.09e-05,3.506e-05,3.852e-05,28637.405791
1543622400000,3.833e-05,4.098e-05,3.651e-05,4.003e-05,17835.634882
1543708800000,4.003e-05,4.048e-05,3.83e-05,3.834e-05,4509.738829
1543795200000,3.841e-05,3.957e-05,3.703e-05,3.792e-05,9887.859984
1543881600000,3.792e-05,4.307e-05,3.735e-05,4.236e-05,17431.750752
1543968000000,4.172e-05,4.496e-05,3.922e-05,4.025e-05,25554.200103
1544054400000,3.921e-05,4.048e-05,3.549e-05,3.595e-05,44191.603887
1544140800000,3.625e-05,3.733e-05,3.475e-05,3.623e-05,44529.162026
1544313600000,3.674e-05,3.696e-05,3.505e-05,3.505e-05,16858.265429
1544400000000,3.586e-05,3.662e-05,3.35e-05,3.4e-05,28080.212406
1544486400000,3.4e-05,3.466e-05,3.317e-05,3.391e-05,17217.725821
1544572800000,3.41e-05,3.593e-05,3.321e-05,3.526e-05,18747.83063
1544832000000,3.377e-05,3.465e-05,3.363e-05,3.465e-05,3793.858385
1544918400000,3.465e-05,3.538e-05,3.411e-05,3.463e-05,6164.893423
1545004800000,3.41e-05,3.872e-05,3.405e-05,3.417e-05,12843.70759
1545091200000,3.417e-05,3.615e-05,3.365e-05,3.504e-05,88825.266056
1545177600000,3.438e-05,3.899e-05,3.404e-05,3.653e-05,48302.709871
1545264000000,3.601e-05,4.8e-05,3.552e-05,4.468e-05,110913.904743
1545350400000,4.372e-05,4.565e-05,4.033e-05,4.172e-05,45022.97449
1545436800000,4.215e-05,4.7e-05,3.88e-05,4.106e-05,65415.313281
1545523200000,4.107e-05,4.515e-05,4.107e-05,4.315e-05,21686.371103
1545609600000,4.331e-05,4.715e-05,4.284e-05,4.371e-05,25661.292028
1545696000000,4.371e-05,4.371e-05,4.002e-05,4.077e-05,11981.333466
1545782400000,4.053e-05,4.304e-05,4.005e-05,4.105e-05,12014.964958
1545955200000,3.76e-05,4.216e-05,3.601e-05,3.999e-05,43920.493927
1546041600000,4.085e-05,4.176e-05,3.771e-05,3.971e-05,11166.097201
1546128000000,3.926e-05,4.18e-05,3.858e-05,3.947e-05,22798.474025
1546214400000,3.908e-05,3.983e-05,3.699e-05,3.729e-05,14701.676433
1546387200000,3.903e-05,4.151e-05,3.753e-05,3.852e-05,12345.622644
1546473600000,3.955e-05,4.004e-05,3.78e-05,3.929e-05,18089.416612
1546560000000,3.881e-05,4.054e-05,3.82e-05,3.879e-05,11949.148436
1546646400000,3.879e-05,4.069e-05,3.839e-05,3.853e-05,13899.947351
1546732800000,3.994e-05,4.3e-05,3.918e-05,4.09e-05,56867.008504
1546819200000,4.104e-05,4.2e-05,3.881e-05,4.058e-05,31852.763994
1546905600000,3.99e-05,4.066e-05,3.82e-05,3.849e-05,38108.823879
1546992000000,3.843e-05,4.024e-05,3.843e-05,4.024e-05,19246.764211
1547078400000,3.933e-05,4.046e-05,3.532e-05,3.595e-05,37777.386013
1547164800000,3.583e-05,3.759e-05,3.5e-05,3.585e-05,34788.034033
1547251200000,3.562e-05,3.736e-05,3.51e-05,3.689e-05,11631.648407
1547337600000,3.62e-05,3.783e-05,3.37e-05,3.42e-05,10063.472109
1547424000000,3.462e-05,3.586e-05,3.375e-05,3.552e-05,27849.487888
1547510400000,3.496e-05,3.57e-05,3.229e-05,3.39e-05,10499.574637
1547596800000,3.403e-05,3.707e-05,3.317e-05,3.677e-05,18853.954406
1547683200000,3.662e-05,3.766e-05,3.567e-05,3.755e-05,13992.086029
1547769600000,3.699e-05,4.065e-05,3.621e-05,4.001e-05,39627.250004
1547942400000,3.959e-05,3.961e-05,3.586e-05,3.913e-05,7078.053396
1548028800000,3.719e-05,3.85e-05,3.593e-05,3.655e-05,5681.340174
1548288000000,3.669e-05,3.914e-05,3.669e-05,3.758e-05,9646.138937
1548374400000,3.779e-05,3.957e-05,3.705e-05,3.841e-05,2639.377688
1548460800000,3.835e-05,3.876e-05,3.703e-05,3.781e-05,8113.402213
1548547200000,3.781e-05,3.998e-05,3.538e-05,3.589e-05,18006.798784
1548633600000,3.589e-05,3.612e-05,3.372e-05,3.452e-05,10708.54258
1548720000000,3.567e-05,3.567e-05,3.26e-05,3.477e-05,10360.980843
1548806400000,3.395e-05,3.561e-05,3.392e-05,3.513e-05,9398.033924
1548892800000,3.52e-05,3.527e-05,3.267e-05,3.336e-05,22212.98809
1548979200000,3.302e-05,3.33e-05,3.153e-05,3.231e-05,25935.618098
1549065600000,3.295e-05,3.326e-05,3.156e-05,3.218e-05,5779.066207
1549152000000,3.283e-05,3.344e-05,3.225e-05,3.246e-05,22082.242023
1549238400000,3.305e-05,3.54e-05,3.21e-05,3.312e-05,19954.821064
1549324800000,3.261e-05,3.306e-05,3.02e-05,3.125e-05,31178.271127
1549411200000,3.178e-05,3.178e-05,3.026e-05,3.107e-05,21989.862178
1549497600000,3.183e-05,3.41e-05,3.113e-05,3.247e-05,71150.269599
1549584000000,3.243e-05,3.401e-05,3.135e-05,3.306e-05,24943.392613
1549670400000,3.37e-05,3.37e-05,3.16e-05,3.266e-05,25517.128772
1549756800000,3.287e-05,3.333e-05,3.155e-05,3.242e-05,11019.699544
1549843200000,3.242e-05,3.347e-05,3.205e-05,3.263e-05,7970.359094
1550016000000,3.341e-05,3.649e-05,3.268e-05,3.486e-05,15003.362565
1550102400000,3.513e-05,3.524e-05,3.238e-05,3.334e-05,32908.660428
1550188800000,3.384e-05,3.415e-05,3.082e-05,3.211e-05,18253.341719
1550275200000,3.232e-05,3.257e-05,3.081e-05,3.13e-05,10461.123009
1550361600000,3.187e-05,3.35e-05,3.084e-05,3.179e-05,15729.936275
1550448000000,3.182e-05,3.35e-05,2.4e-05,3.35e-05,9884.23293007
1550534400000,2.606e-05,3.3e-05,2.606e-05,2.891e-05,6966.99311727
1550620800000,2.895e-05,3.21e-05,2.895e-05,3.21e-05,13162.51641996
1550707200000,2.917e-05,3.006e-05,2.834e-05,2.988e-05,4170.892287889
1550793600000,2.872e-05,3.3e-05,2.872e-05,2.9e-05,7752.329062543
1550880000000,2.907e-05,3.24e-05,2.872e-05,2.932e-05,2950.1705850755
1550966400000,2.895e-05,3.2e-05,2.7e-05,2.927e-05,20207.91600478
1551052800000,2.959e-05,2.999e-05,2.715e-05,2.866e-05,17734.3855250279
1551139200000,2.833e-05,3.057e-05,2.804e-05,2.948e-05,5183.356638578
1551225600000,3.043e-05,3.35e-05,2.826e-05,2.906e-05,12364.6313521689
1551312000000,2.916e-05,2.983e-05,2.814e-05,2.964e-05,15156.167434811
1551398400000,2.964e-05,3.209e-05,2.952e-05,2.956e-05,32932.7780572226
1551484800000,2.959e-05,3.094e-05,2.959e-05,3.074e-05,3312.634413107
1551571200000,3.105e-05,3.198e-05,3.028e-05,3.176e-05,8222.698403774
1551657600000,3.19e-05,3.194e-05,2.921e-05,3.003e-05,7079.502808262
1551744000000,2.992e-05,3.313e-05,1.25e-06,3.017e-05,24621.621358763
1551830400000,3.031e-05,3.262e-05,2.963e-05,3.058e-05,14356.774019822
1551916800000,3.047e-05,3.063e-05,2.801e-05,3.04e-05,7160.989937176
1552003200000,3.041e-05,3.563e-05,3.041e-05,3.348e-05,152685.4215018514
1552089600000,3.301e-05,3.523e-05,3.282e-05,3.414e-05,28152.012734008
1552176000000,3.414e-05,3.6e-05,3.377e-05,3.531e-05,9492.36032475
1552262400000,3.443e-05,3.9e-05,3.56e-06,3.526e-05,139905.4800228685
1552348800000,3.526e-05,4.048e-05,3.25e-05,3.567e-05,49135.135703713
1552435200000,3.717e-05,3.995e-05,3.617e-05,3.699e-05,11369.744236478
1552521600000,3.686e-05,3.71e-05,3.401e-05,3.59e-05,34474.378080665
1552608000000,3.664e-05,3.744e-05,3.505e-05,3.505e-05,45547.242928891
1552694400000,3.608e-05,3.64e-05,3.409e-05,3.585e-05,19878.8866254
1552780800000,3.541e-05,3.574e-05,3.401e-05,3.449e-05,16723.597573333
1552867200000,3.544e-05,3.557e-05,3.351e-05,3.492e-05,9712.267400924
1552953600000,3.48e-05,3.858e-05,3.301e-05,3.669e-05,90801.166526347
1553040000000,3.794e-05,3.95e-05,7.2e-06,3.546e-05,102402.0310280521
1553126400000,3.551e-05,3.736e-05,2.5e-05,3.465e-05,40776.4048132663
1553212800000,3.43e-05,3.636e-05,3.221e-05,3.454e-05,28635.8738428103
1553299200000,3.427e-05,3.667e-05,3.415e-05,3.605e-05,22393.5348736419
1553385600000,3.605e-05,3.73e-05,3.501e-05,3.54e-05,25532.800810824
1553472000000,3.57e-05,3.731e-05,3.381e-05,3.467e-05,26233.0288656703
1553558400000,3.433e-05,3.594e-05,3.141e-05,3.454e-05,21782.04599317
1553644800000,3.438e-05,3.848e-05,3.41e-05,3.738e-05,66470.07052473
1553731200000,3.728e-05,4.023e-05,3.66e-05,3.86e-05,54433.973177353
1553817600000,3.921e-05,3.922e-05,3.642e-05,3.841e-05,30029.372109
1553904000000,3.846e-05,4.18e-05,3.753e-05,4.153e-05,46972.217199
1553990400000,4.197e-05,4.6e-05,3.886e-05,4.23e-05,62325.92445301
1554076800000,4.221e-05,4.275e-05,4.102e-05,4.139e-05,36483.6903884
1554163200000,4.129e-05,4.344e-05,3.53e-05,4.177e-05,101920.52151804
1554249600000,4.296e-05,5.006e-05,4e-05,4.225e-05,153200.98728897
1554336000000,4.226e-05,4.658e-05,4e-05,4.376e-05,70023.8222174
1554422400000,4.396e-05,4.607e-05,4.24e-05,4.449e-05,47223.2016408
1554508800000,4.454e-05,4.571e-05,4.039e-05,4.36e-05,33781.67795714
1554595200000,4.369e-05,4.42e-05,4.088e-05,4.16e-05,18551.53384642
1554681600000,4.19e-05,4.19e-05,3.711e-05,3.862e-05,58760.997783
1554768000000,3.904e-05,4.099e-05,3.763e-05,3.968e-05,21342.94263129
1554854400000,3.953e-05,4.006e-05,3.663e-05,3.958e-05,46688.82133132
1554940800000,3.958e-05,4.069e-05,3.44e-05,3.584e-05,102230.83977589
1555027200000,3.626e-05,3.767e-05,3.484e-05,3.646e-05,19091.219891
1555113600000,3.672e-05,3.717e-05,3.554e-05,3.599e-05,14764.038569
1555200000000,3.588e-05,3.728e-05,3.547e-05,3.599e-05,17412.08369
1555286400000,3.593e-05,3.698e-05,3.407e-05,3.42e-05,27671.14664096
1555372800000,3.418e-05,3.623e-05,3.3e-05,3.512e-05,13436.12328027
1555459200000,3.482e-05,3.906e-05,3.464e-05,3.789e-05,22581.75504145
1555545600000,3.769e-05,3.851e-05,3.613e-05,3.706e-05,12991.256885
1555632000000,3.707e-05,3.747e-05,3.5e-05,3.554e-05,28826.055185
1555718400000,3.569e-05,3.583e-05,3.454e-05,3.482e-05,14266.173855
1555804800000,3.482e-05,3.567e-05,3.33e-05,3.442e-05,23631.619117
1555891200000,3.434e-05,3.855e-05,3.302e-05,3.597e-05,23349.714674
1555977600000,3.564e-05,4.001e-05,3.155e-05,3.346e-05,112982.94044267
1556064000000,3.373e-05,3.41e-05,3.106e-05,3.291e-05,153814.92493659
1556150400000,3.292e-05,3.332e-05,3.148e-05,3.213e-05,201834.21632
1556236800000,3.216e-05,3.313e-05,3.134e-05,3.188e-05,211195.35546
1556323200000,3.189e-05,3.538e-05,3.188e-05,3.461e-05,181382.79394941
1556409600000,3.462e-05,3.57e-05,3.38e-05,3.396e-05,207285.168204
1556496000000,3.396e-05,3.397e-05,3.157e-05,3.202e-05,183965.19328
1556582400000,3.188e-05,3.346e-05,3.188e-05,3.327e-05,224036.568953
1556668800000,3.334e-05,3.403e-05,3.263e-05,3.277e-05,219227.855664
1556755200000,3.293e-05,3.402e-05,3.148e-05,3.261e-05,177172.54769067
1556841600000,3.282e-05,3.644e-05,3.15e-05,3.486e-05,215120.575017
1556928000000,3.52e-05,3.671e-05,3.293e-05,3.434e-05,188488.57306724
1557014400000,3.464e-05,3.464e-05,3.246e-05,3.271e-05,173071.921929
1557100800000,3.288e-05,3.394e-05,3.196e-05,3.317e-05,183710.25083172
1557187200000,3.306e-05,3.364e-05,3.101e-05,3.131e-05,166509.08791
1557273600000,3.135e-05,3.135e-05,1.113e-05,2.99e-05,254189.43451297
1557360000000,2.987e-05,2.99e-05,2.201e-05,2.659e-05,287137.05160727
1557446400000,2.634e-05,2.834e-05,2.247e-05,2.682e-05,270283.87626517
1557532800000,2.676e-05,4.8e-05,2.433e-05,2.964e-05,218309.38573174
1557619200000,2.96e-05,3.345e-05,2.765e-05,3.174e-05,118255.53203193
1557705600000,3.174e-05,3.487e-05,2.771e-05,2.826e-05,71771.37081477
1557792000000,2.826e-05,3.665e-05,2.538e-05,2.771e-05,111368.07805893
1557878400000,2.772e-05,3.167e-05,2.729e-05,2.8e-05,97251.1938236
1557964800000,2.841e-05,3.188e-05,2.8e-05,2.891e-05,137542.78481242
1558051200000,2.872e-05,2.896e-05,2.662e-05,2.84e-05,120626.01143214
1558137600000,2.843e-05,2.852e-05,2.701e-05,2.704e-05,119676.34922885
1558224000000,2.71e-05,2.738e-05,2.553e-05,2.558e-05,111096.07547136
1558310400000,2.563e-05,2.608e-05,2.479e-05,2.502e-05,112229.15961912
1558396800000,2.509e-05,2.816e-05,2.405e-05,2.715e-05,145392.57301476
1558483200000,2.715e-05,2.757e-05,2.6e-05,2.662e-05,122516.042624
1558569600000,2.659e-05,2.67e-05,2.539e-05,2.572e-05,143942.78207984
1558656000000,2.582e-05,2.691e-05,2.44e-05,2.557e-05,144183.12149744
1558742400000,2.563e-05,2.611e-05,2.464e-05,2.476e-05,40197.958303
1558828800000,2.482e-05,2.559e-05,2.238e-05,2.26e-05,87207.03729174
1558915200000,2.25e-05,2.32e-05,2.2e-05,2.271e-05,107463.7478347
1559001600000,2.271e-05,2.364e-05,2.204e-05,2.275e-05,115601.016899
1559088000000,2.264e-05,2.387e-05,2.202e-05,2.361e-05,143055.54187835
1559174400000,2.354e-05,2.553e-05,2.254e-05,2.311e-05,159502.45684724
1559260800000,2.32e-05,2.833e-05,2.267e-05,2.752e-05,285592.80987954
1559347200000,2.74e-05,2.913e-05,2.474e-05,2.843e-05,294784.614363
1559433600000,2.847e-05,3.023e-05,2.659e-05,2.699e-05,225781.33779365
1559520000000,2.708e-05,2.708e-05,2.5e-05,2.547e-05,193468.41283878
1559606400000,2.508e-05,2.589e-05,2.434e-05,2.528e-05,182576.2407729
1559692800000,2.547e-05,2.7e-05,2.376e-05,2.406e-05,255584.47805866
1559779200000,2.42e-05,2.456e-05,2.391e-05,2.407e-05,154928.91950669
1559865600000,2.413e-05,2.543e-05,2.398e-05,2.49e-05,242758.90976245
1559952000000,2.48e-05,2.517e-05,2.428e-05,2.454e-05,205357.081403
1560038400000,2.464e-05,2.508e-05,2.344e-05,2.389e-05,197384.55801
1560124800000,2.403e-05,2.47e-05,2.386e-05,2.44e-05,159517.69220714
1560211200000,2.441e-05,2.508e-05,2.434e-05,2.499e-05,106941.884779
1560297600000,2.508e-05,2.52e-05,2.361e-05,2.378e-05,52546.04944126
1560384000000,2.382e-05,2.397e-05,2.254e-05,2.261e-05,106745.13205564
1560470400000,2.262e-05,2.279e-05,1.952e-05,2.02e-05,133000.48862865
1560556800000,2.028e-05,2.123e-05,1.911e-05,1.961e-05,227884.374019
1560643200000,1.961e-05,2.121e-05,1.82e-05,1.913e-05,277413.54134306
1560729600000,1.909e-05,1.937e-05,1.505e-05,1.743e-05,179357.62407803
1560816000000,1.742e-05,1.797e-05,1.694e-05,1.797e-05,148987.93619
1560902400000,1.776e-05,1.794e-05,1.715e-05,1.731e-05,61567.616012
1560988800000,1.732e-05,1.759e-05,1.544e-05,1.605e-05,80830.48218974
1561075200000,1.618e-05,1.622e-05,1.401e-05,1.427e-05,96327.89014541
1561161600000,1.437e-05,1.466e-05,1.257e-05,1.378e-05,181457.55025162
1561248000000,1.359e-05,1.436e-05,1.241e-05,1.307e-05,93408.84320827
1561334400000,1.307e-05,1.377e-05,1.272e-05,1.316e-05,103821.171065
1561420800000,1.305e-05,1.307e-05,1.18e-05,1.194e-05,107372.64599227
1561507200000,1.205e-05,1.206e-05,9.5e-06,1.072e-05,274549.944299
1561593600000,1.074e-05,1.178e-05,1.041e-05,1.107e-05,148233.071771
1561680000000,1.116e-05,1.17e-05,1.047e-05,1.072e-05,177454.780193
1561766400000,1.073e-05,1.147e-05,1.061e-05,1.114e-05,195409.131993
1561852800000,1.114e-05,1.193e-05,1.096e-05,1.181e-05,229062.75949
1561939200000,1.185e-05,1.273e-05,1.172e-05,1.261e-05,213952.50058548
1562025600000,1.261e-05,1.276e-05,1.105e-05,1.157e-05,288984.43543479
1562112000000,1.157e-05,1.158e-05,1.041e-05,1.06e-05,227496.92923864
1562198400000,1.055e-05,1.088e-05,1.007e-05,1.08e-05,204924.47228138
1562284800000,1.09e-05,1.118e-05,1.048e-05,1.083e-05,162138.059515
1562371200000,1.083e-05,1.103e-05,1.04e-05,1.092e-05,153623.995965
1562457600000,1.085e-05,1.208e-05,1.081e-05,1.178e-05,175411.94410517
1562544000000,1.178e-05,1.202e-05,9.87e-06,1.029e-05,299701.85255206
1562630400000,1.03e-05,1.049e-05,9.32e-06,9.54e-06,205850.31563995
1562716800000,9.57e-06,9.66e-06,8.26e-06,8.95e-06,252318.30131485
1562803200000,8.95e-06,9.23e-06,8.3e-06,8.63e-06,229222.23812508
1562889600000,8.6e-06,9.13e-06,8.3e-06,8.79e-06,202665.50868884
1562976000000,8.79e-06,9.13e-06,8.48e-06,8.81e-06,206923.02365593
1563062400000,8.89e-06,9.1e-06,8.51e-06,8.6e-06,210184.0991
1563148800000,8.59e-06,8.72e-06,7.96e-06,8.06e-06,186718.19272348
1563235200000,8.15e-06,8.26e-06,7.78e-06,7.8e-06,228385.60187711
1563321600000,7.91e-06,8.72e-06,7.57e-06,8.59e-06,228522.04539626
1563408000000,8.64e-06,8.76e-06,7.84e-06,7.94e-06,162508.694817
1563494400000,7.94e-06,8.18e-06,7.87e-06,8.09e-06,171581.909778
1563580800000,8.09e-06,8.68e-06,8.09e-06,8.68e-06,161305.66498661
1563667200000,8.67e-06,8.98e-06,8.46e-06,8.54e-06,194728.034462
1563753600000,8.54e-06,8.88e-06,8.29e-06,8.54e-06,221973.39994357
1563840000000,8.55e-06,9.45e-06,7.94e-06,9e-06,332105.03361847
1563926400000,9.05e-06,9.94e-06,8.97e-06,9.74e-06,217171.48520009
1564012800000,9.79e-06,1.146e-05,9.4e-06,1.112e-05,297303.22358904
1564099200000,1.117e-05,1.178e-05,1.053e-05,1.104e-05,318865.91959537
1564185600000,1.103e-05,1.103e-05,9.92e-06,9.96e-06,175431.99786276
1564272000000,9.94e-06,1.16e-05,9.89e-06,1.065e-05,297559.21063095
1564358400000,1.07e-05,1.34e-05,1.048e-05,1.254e-05,410003.8706068
1564444800000,1.254e-05,1.372e-05,1.169e-05,1.24e-05,385626.01948426
1564531200000,1.232e-05,1.278e-05,1.071e-05,1.098e-05,474280.56807112
1564617600000,1.092e-05,1.105e-05,9.65e-06,9.91e-06,279795.62267752
1564704000000,9.89e-06,9.89e-06,8.66e-06,9.3e-06,167744.20617403
1564790400000,9.3e-06,9.4e-06,8.54e-06,8.66e-06,167980.380631
1564876800000,8.66e-06,9.28e-06,8.45e-06,8.51e-06,127650.55983973
1564963200000,8.51e-06,8.51e-06,7.17e-06,7.71e-06,249094.51118625
1565049600000,7.73e-06,8.21e-06,7.1e-06,7.66e-06,184587.33256731
1565136000000,7.62e-06,7.72e-06,6.88e-06,6.93e-06,129369.990958
1565222400000,6.95e-06,7.2e-06,6.58e-06,6.58e-06,183185.62715845
1565308800000,6.61e-06,7.83e-06,6.46e-06,7.17e-06,255252.01577365
1565395200000,7.17e-06,7.53e-06,6.57e-06,7.12e-06,191669.87143276
1565481600000,7.08e-06,7.82e-06,6.97e-06,7.14e-06,233164.71608
1565568000000,7.13e-06,7.71e-06,7.12e-06,7.36e-06,142805.56315856
1565654400000,7.36e-06,7.7e-06,7.15e-06,7.63e-06,169849.54064158
1565740800000,7.64e-06,8.37e-06,7.08e-06,7.21e-06,279926.75046049
1565827200000,7.19e-06,7.46e-06,7.11e-06,7.19e-06,130766.134393
1565913600000,7.21e-06,7.44e-06,6.87e-06,6.93e-06,220092.33965448
1566000000000,6.93e-06,7.72e-06,6.88e-06,7.46e-06,326697.58593139
1566086400000,7.52e-06,8.37e-06,7.42e-06,7.57e-06,229543.46851771
1566172800000,7.57e-06,7.69e-06,7.23e-06,7.35e-06,147601.34448
1566259200000,7.36e-06,7.37e-06,6.87e-06,6.93e-06,139940.52761614
1566345600000,7e-06,7.19e-06,6.93e-06,7.09e-06,75081.258863
1566432000000,7.16e-06,1.377e-05,6.85e-06,7.77e-06,180877.029088
1566518400000,7.8e-06,9.87e-06,7.72e-06,9.28e-06,330825.12415089
1566604800000,9.27e-06,1.122e-05,8.86e-06,1.036e-05,781798.98031298
1566691200000,1.038e-05,1.096e-05,8.6e-06,8.91e-06,238922.71474871
1566777600000,8.84e-06,9.08e-06,8.24e-06,8.47e-06,159362.34243068
1566864000000,8.47e-06,9.3e-06,7.96e-06,8.3e-06,118554.13068042
1566950400000,8.3e-06,8.48e-06,7.51e-06,7.6e-06,69387.76742759
1567036800000,7.6e-06,8.09e-06,2.75e-06,7.4e-06,108103.14469834
1567123200000,7.4e-06,7.81e-06,7.34e-06,7.52e-06,100534.70202809
1567209600000,7.52e-06,8.78e-06,7.39e-06,7.49e-06,23536.9466662
1567296000000,7.53e-06,7.62e-06,7.36e-06,7.41e-06,34860.529692
1567382400000,7.4e-06,7.47e-06,6.78e-06,6.89e-06,27436.92166942
1567468800000,7e-06,7.01e-06,6.68e-06,6.9e-06,24523.480973
1567555200000,6.9e-06,7.57e-06,6.81e-06,6.81e-06,20941.384457
1567641600000,6.8e-06,7.42e-06,6.62e-06,6.82e-06,35831.40895746
1567728000000,6.73e-06,6.95e-06,6.57e-06,6.81e-06,57520.693586
1567814400000,6.71e-06,7.03e-06,6.62e-06,6.98e-06,22608.443432
1567900800000,6.98e-06,7.12e-06,6.94e-06,6.94e-06,17230.46327717
1567987200000,7e-06,7.47e-06,6.88e-06,7.18e-06,20804.632873
1568073600000,7.18e-06,7.68e-06,7.18e-06,7.57e-06,26924.36647
1568160000000,7.58e-06,7.78e-06,7.09e-06,7.12e-06,31847.4535876
1568246400000,7.09e-06,7.21e-06,6.87e-06,6.92e-06,90280.04728024
1568332800000,6.93e-06,7.62e-06,6.91e-06,7.13e-06,19187.41892026
1568419200000,7.09e-06,7.13e-06,6.91e-06,6.91e-06,18732.427242
1568505600000,6.91e-06,7.08e-06,6.88e-06,7.08e-06,36837.833932
1568592000000,7.08e-06,7.33e-06,7e-06,7.06e-06,103611.48175074
1568678400000,7.1e-06,7.85e-06,6.98e-06,7.67e-06,168935.07441897
1568764800000,7.64e-06,7.91e-06,7.46e-06,7.81e-06,185254.885592
1568851200000,7.81e-06,7.84e-06,7.33e-06,7.82e-06,133039.21412405
1568937600000,7.84e-06,8.25e-06,7.7e-06,8.09e-06,198113.70091908
1569024000000,8.01e-06,8.15e-06,7.76e-06,7.82e-06,92824.91991958
1569110400000,7.82e-06,8.09e-06,7.52e-06,7.76e-06,98306.26017768
1569196800000,7.71e-06,7.83e-06,7.16e-06,7.22e-06,91103.27228253
1569283200000,7.18e-06,8.09e-06,6.88e-06,7.32e-06,288928.83483048
1569369600000,7.32e-06,7.79e-06,7.03e-06,7.78e-06,139963.63680235
1569456000000,7.76e-06,8.05e-06,7.43e-06,7.77e-06,112285.63908105
1569542400000,7.75e-06,8.86e-06,7.75e-06,8.31e-06,162590.77784686
1569628800000,8.29e-06,9.04e-06,8.21e-06,8.35e-06,142452.59826048
1569715200000,8.35e-06,8.47e-06,7.7e-06,7.96e-06,92771.26834242
1569801600000,8.05e-06,8.09e-06,7.57e-06,7.67e-06,163414.72689043
1569888000000,7.7e-06,8.03e-06,7.62e-06,8.01e-06,79846.36959085
1569974400000,7.99e-06,8.49e-06,7.95e-06,8.47e-06,113896.54373557
1570060800000,8.48e-06,9.28e-06,8.17e-06,9.11e-06,340366.93500746
1570147200000,9.07e-06,9.29e-06,8.66e-06,8.9e-06,171245.64772125
1570233600000,8.92e-06,9.47e-06,8.73e-06,8.86e-06,135472.411785
1570320000000,8.87e-06,9.27e-06,8.53e-06,9.02e-06,125130.0247102
1570406400000,9.03e-06,9.28e-06,8.94e-06,9.08e-06,340405.58202465
1570492800000,9.1e-06,9.85e-06,8.92e-06,9.57e-06,350256.71782615
1570579200000,9.56e-06,9.79e-06,8.14e-06,8.58e-06,236369.3493307
1570665600000,8.58e-06,8.6e-06,8e-06,8.23e-06,127603.79314147
1570752000000,8.25e-06,8.43e-06,7.9e-06,8.34e-06,93697.094773
1570838400000,8.35e-06,8.44e-06,8.17e-06,8.27e-06,135888.28816298
1570924800000,8.27e-06,8.29e-06,7.76e-06,7.97e-06,45726.45615589
1571011200000,7.99e-06,8.58e-06,7.99e-06,8.48e-06,98877.68287973
1571097600000,8.42e-06,8.55e-06,8.14e-06,8.22e-06,77705.292283
1571184000000,8.31e-06,8.43e-06,7.9e-06,8.26e-06,85001.255237
1571270400000,8.27e-06,8.29e-06,7.76e-06,8.11e-06,94079.58306257
1571356800000,8.15e-06,8.17e-06,7.98e-06,8.09e-06,43597.38147413
1571443200000,8.11e-06,8.54e-06,8.07e-06,8.23e-06,22325.6679678
1571529600000,8.23e-06,9.26e-06,8.07e-06,8.21e-06,108276.78434758
1571616000000,8.21e-06,9.26e-06,8.15e-06,8.46e-06,119193.27930081
1571702400000,8.45e-06,8.74e-06,8.35e-06,8.47e-06,96446.67723782
1571788800000,8.44e-06,8.66e-06,8.3e-06,8.65e-06,104252.188487
1571875200000,8.64e-06,8.77e-06,8.41e-06,8.74e-06,52420.060097
1571961600000,8.77e-06,8.8e-06,8.1e-06,8.16e-06,60381.75487964
1572048000000,8.16e-06,8.16e-06,7.38e-06,7.6e-06,119956.32444872
1572134400000,7.6e-06,7.91e-06,7.58e-06,7.7e-06,108571.22141522
1572220800000,7.74e-06,9.17e-06,7.62e-06,8.13e-06,76264.25522895
1572307200000,8.16e-06,8.98e-06,8.16e-06,8.27e-06,24783.59593626
1572393600000,8.28e-06,8.67e-06,8.21e-06,8.32e-06,62420.72406781
1572480000000,8.33e-06,8.6e-06,8e-06,8.22e-06,43035.75620567
1572566400000,8.28e-06,9.09e-06,8.27e-06,8.42e-06,55204.68335118
1572652800000,8.42e-06,9.17e-06,8.36e-06,8.91e-06,122218.24873722
1572739200000,8.88e-06,9.33e-06,8.74e-06,8.87e-06,124414.8430353
1572825600000,8.86e-06,9.55e-06,8.86e-06,9.24e-06,177640.26662785
1572912000000,9.24e-06,9.54e-06,9.05e-06,9.24e-06,81391.37045744
1572998400000,9.3e-06,9.71e-06,9.08e-06,9.4e-06,169295.44746286
1573084800000,9.38e-06,1.037e-05,9.27e-06,9.63e-06,433144.6294528
1573171200000,9.64e-06,9.97e-06,9.06e-06,9.59e-06,255727.1823379
1573257600000,9.57e-06,9.8e-06,9.37e-06,9.64e-06,41918.54659717
1573344000000,9.67e-06,9.75e-06,9.05e-06,9.19e-06,102846.77723162
1573430400000,9.19e-06,9.37e-06,9.13e-06,9.28e-06,42726.91140192
1573516800000,9.34e-06,9.61e-06,9.26e-06,9.33e-06,37951.73175313
1573603200000,9.36e-06,9.73e-06,9.31e-06,9.54e-06,45012.788092
1573689600000,9.56e-06,9.75e-06,9.34e-06,9.67e-06,45175.96980335
1573776000000,9.66e-06,9.77e-06,9.07e-06,9.4e-06,59684.13794983
1573862400000,9.44e-06,9.59e-06,9.31e-06,9.36e-06,59671.909338
1573948800000,9.37e-06,1.002e-05,9.35e-06,9.93e-06,67530.54995263
1574035200000,9.94e-06,1.059e-05,9.75e-06,9.96e-06,394282.36811219
1574121600000,9.9e-06,1.079e-05,9.4e-06,9.56e-06,236729.9982332
1574208000000,9.56e-06,1e-05,9.12e-06,9.25e-06,176581.41235946
1574294400000,9.23e-06,9.36e-06,8.49e-06,8.69e-06,371216.65811326
1574380800000,8.69e-06,8.76e-06,7.97e-06,8.32e-06,417539.93079855
1574467200000,8.34e-06,8.65e-06,8.23e-06,8.62e-06,56460.81639844
1574553600000,8.51e-06,8.61e-06,8.11e-06,8.2e-06,37988.74923127
1574640000000,8.19e-06,8.83e-06,8.1e-06,8.75e-06,88256.0790773
1574726400000,8.7e-06,8.97e-06,8.61e-06,8.93e-06,45629.485425
1574812800000,8.94e-06,8.96e-06,8.27e-06,8.41e-06,97753.34396042
1574899200000,8.42e-06,8.57e-06,8.26e-06,8.48e-06,65614.1058028
1574985600000,8.47e-06,8.87e-06,8.47e-06,8.73e-06,28713.0544336
1575072000000,8.73e-06,8.73e-06,8.4e-06,8.49e-06,14012.77511286
1575158400000,8.5e-06,8.67e-06,8.38e-06,8.54e-06,17103.19080171
1575244800000,8.54e-06,8.61e-06,8.19e-06,8.35e-06,30509.38382196
1575331200000,8.35e-06,8.78e-06,8.13e-06,8.32e-06,33965.41291156
1575417600000,8.37e-06,9e-06,8.16e-06,8.38e-06,48715.75372856
1575504000000,8.37e-06,9.26e-06,8.29e-06,8.82e-06,94318.02514031
1575590400000,8.82e-06,8.86e-06,8.3e-06,8.53e-06,37592.77394735
1575676800000,8.54e-06,8.95e-06,8.48e-06,8.89e-06,22720.966002
1575763200000,8.81e-06,9.1e-06,8.58e-06,8.6e-06,74148.055897
1575849600000,8.66e-06,8.69e-06,8.29e-06,8.5e-06,73946.7339922
1575936000000,8.47e-06,8.51e-06,7.65e-06,8.1e-06,96580.56774475
1576022400000,8.08e-06,8.5e-06,8.03e-06,8.4e-06,49105.529251
1576108800000,8.38e-06,8.5e-06,7.83e-06,7.89e-06,109338.83163953
1576195200000,7.93e-06,7.95e-06,7.65e-06,7.89e-06,61117.644192
1576281600000,7.85e-06,8.1e-06,7.76e-06,7.83e-06,32693.540748
1576368000000,7.81e-06,7.95e-06,7.75e-06,7.85e-06,14868.50570174
1576454400000,7.84e-06,7.92e-06,7.3e-06,7.47e-06,50974.3564125
1576540800000,7.48e-06,7.53e-06,7.13e-06,7.18e-06,35615.098296
1576627200000,7.21e-06,7.56e-06,7.21e-06,7.22e-06,79030.311854
1576713600000,7.22e-06,7.39e-06,7.1e-06,7.38e-06,22144.65887628
1576800000000,7.36e-06,7.8e-06,7.26e-06,7.8e-06,47921.359854
1576886400000,7.81e-06,8.49e-06,7.7e-06,7.93e-06,291036.6808506
1576972800000,7.93e-06,8e-06,7.47e-06,7.54e-06,96077.26752056
1577059200000,7.59e-06,7.81e-06,7.08e-06,7.25e-06,106683.52798606
1577145600000,7.25e-06,7.61e-06,7.25e-06,7.43e-06,35355.08345074
1577232000000,7.42e-06,7.63e-06,7.27e-06,7.37e-06,20243.933864
1577318400000,7.35e-06,7.55e-06,7.35e-06,7.55e-06,7534.07224628
1577404800000,7.52e-06,7.61e-06,7.47e-06,7.5e-06,11158.60099862
1577491200000,7.5e-06,7.56e-06,7.39e-06,7.47e-06,10655.022689
1577577600000,7.48e-06,8.02e-06,7.48e-06,7.65e-06,46529.61812729
1577664000000,7.66e-06,8.47e-06,7.48e-06,7.48e-06,34059.77915436
1577750400000,7.48e-06,1.4e-05,7.25e-06,7.4e-06,168182.07999772
1577836800000,7.46e-06,8.15e-06,7.35e-06,7.39e-06,36361.83279513
1577923200000,7.39e-06,7.53e-06,7.32e-06,7.45e-06,107677.71629308
1578009600000,7.38e-06,7.77e-06,7.26e-06,7.66e-06,147978.46981415
1578096000000,7.66e-06,8.06e-06,7.65e-06,7.65e-06,187022.77281698
1578182400000,7.62e-06,7.99e-06,7.43e-06,7.82e-06,79860.48056033
1578268800000,7.86e-06,8.04e-06,7.6e-06,7.64e-06,195094.76345933
1578355200000,7.6e-06,7.82e-06,7.3e-06,7.3e-06,152902.33395616
1578441600000,7.25e-06,7.25e-06,6.62e-06,6.89e-06,348341.88972146
1578528000000,6.93e-06,7.09e-06,6.66e-06,6.95e-06,57625.91152114
1578614400000,7.04e-06,7.14e-06,6.75e-06,6.77e-06,75892.390522
1578700800000,6.76e-06,7.14e-06,6.74e-06,7e-06,102229.876382
1578787200000,7e-06,7.03e-06,6.92e-06,6.98e-06,89150.11518886
1578873600000,6.98e-06,7.21e-06,6.75e-06,7.08e-06,79801.51677453
1578960000000,7.02e-06,7.03e-06,6.61e-06,6.71e-06,133886.79583563
1579046400000,6.67e-06,7.37e-06,6.67e-06,7.33e-06,104218.38384481
1579132800000,7.33e-06,7.52e-06,7.07e-06,7.29e-06,599608.97360327
1579219200000,7.3e-06,7.77e-06,7.27e-06,7.59e-06,124326.12738261
1579305600000,7.58e-06,7.96e-06,7.47e-06,7.72e-06,95128.44730459
1579392000000,7.71e-06,7.93e-06,7.48e-06,7.75e-06,161040.92187216
1579478400000,7.75e-06,8.32e-06,7.75e-06,8.13e-06,133403.9020227
1579564800000,8.1e-06,8.3e-06,7.83e-06,7.9e-06,139956.82626497
1579651200000,7.9e-06,7.96e-06,7.81e-06,7.89e-06,45017.07500058
1579737600000,7.9e-06,8.7e-06,7.83e-06,8.6e-06,378385.20029606
1579824000000,8.56e-06,9.38e-06,8.28e-06,8.93e-06,188924.55906875
1579910400000,8.95e-06,9.67e-06,8.77e-06,9.1e-06,305796.08706541
1579996800000,9.15e-06,9.57e-06,8.77e-06,8.77e-06,146783.94912302
1580083200000,8.77e-06,8.84e-06,8.33e-06,8.4e-06,311597.76180028
1580169600000,8.4e-06,9.06e-06,8.08e-06,8.53e-06,164891.19478518
1580256000000,8.51e-06,9.3e-06,8.44e-06,8.69e-06,185448.84910602
1580342400000,8.68e-06,9.27e-06,8.4e-06,8.84e-06,63607.51366256
1580428800000,8.83e-06,1.023e-05,8.75e-06,1.008e-05,469082.70478541
1580515200000,1.013e-05,1.2e-05,9.5e-06,1.121e-05,578942.26003617
1580601600000,1.121e-05,1.255e-05,1.056e-05,1.191e-05,411878.84401495
1580688000000,1.191e-05,1.363e-05,1.11e-05,1.319e-05,489041.38029301
1580774400000,1.32e-05,1.723e-05,1.315e-05,1.563e-05,1470198.3762085
1580860800000,1.57e-05,1.596e-05,1.269e-05,1.336e-05,759826.3698879
1580947200000,1.338e-05,1.446e-05,1.26e-05,1.299e-05,349168.00716448
1581033600000,1.292e-05,1.349e-05,1.216e-05,1.223e-05,219902.67641136
1581120000000,1.226e-05,1.248e-05,1.09e-05,1.093e-05,540960.99247103
