1513641600000,6.32e-05,7.5e-05,5.6e-05,5.804e-05,957116.1152
1513728000000,5.805e-05,6.487e-05,4.848e-05,6.389e-05,691326.1898
1513814400000,6.389e-05,6.45e-05,5.2e-05,6.103e-05,681057.7094
1513900800000,6.103e-05,6.38e-05,5.586e-05,5.903e-05,678564.1852
1513987200000,5.903e-05,6.475e-05,5e-05,5.94e-05,1170603.5435
1514073600000,5.991e-05,6.475e-05,5.17e-05,6.198e-05,970246.0071
1514160000000,6.197e-05,6.398e-05,5.2e-05,6e-05,1168237.6793
1514246400000,5.998e-05,6.477e-05,5.5e-05,5.83e-05,1200848.322
1514332800000,5.834e-05,6.253e-05,5e-05,5.745e-05,1203662.1417
1514419200000,5.745e-05,6.69e-05,5.16e-05,6.538e-05,1321849.3438
1514505600000,6.689e-05,6.689e-05,5.69e-05,6.279e-05,1803763.9004
1514592000000,6.279e-05,6.8e-05,5.849e-05,6.729e-05,1240523.3669
1514678400000,6.799e-05,0.000107,6.71e-05,0.0001,2502090.4338
1514764800000,0.0001,0.000166,9.5e-05,0.00014202,3193732.8736
1514851200000,0.00014202,0.00022498,0.0001368,0.0001738,4644058.5335
1514937600000,0.000179,0.0001918,0.00013799,0.00018399,3456132.5166
1515024000000,0.00018399,0.00018459,0.0001625,0.00017661,1936943.9757
1515110400000,0.0001748,0.00024,0.00016501,0.00018842,3078800.9347
1515196800000,0.00018839,0.00025849,0.00018277,0.00025249,2300280.957
1515283200000,0.00025249,0.00031,0.00023702,0.00028249,3153261.1123
1515369600000,0.00028249,0.0002875,0.00024,0.00028,1963835.8543
1515456000000,0.00028,0.00035,0.00025994,0.0003498,3428069.3709
1515542400000,0.0003497,0.00034996,0.00029,0.000319,2379638.4863
1515628800000,0.000318,0.00032866,0.00026834,0.000285,1776603.0539
1515715200000,0.00028763,0.0003185,0.00028499,0.00031583,1130738.9871
1515801600000,0.00031586,0.00032576,0.00026,0.0002858,1374148.6363
1515888000000,0.0002858,0.0003,0.0002608,0.00027199,998856.7419
1515974400000,0.00027064,0.00028196,0.00022,0.00023901,1618219.6149
1516060800000,0.00023901,0.000272,0.00020902,0.0002467,1914756.6439
1516147200000,0.00024672,0.0003003,0.00021601,0.00029287,1615422.7695
1516233600000,0.00029287,0.00031402,0.00025518,0.00026794,1355407.222
1516320000000,0.00026991,0.0002734,0.00024778,0.00026099,822460.0896
1516406400000,0.00026099,0.00026887,0.00022605,0.0002424,1034488.3143
1516492800000,0.0002423,0.00025392,0.00022,0.0002348,753792.9004
1516579200000,0.00023478,0.0002455,0.000213,0.00023495,897618.9039
1516665600000,0.00023495,0.000237,0.000212,0.00022429,689915.1076
1516752000000,0.00022352,0.0002244,0.00021,0.00021438,912793.5896
1516838400000,0.00021322,0.00022763,0.000195,0.00019821,1011150.4547
1516924800000,0.0001982,0.00021,0.0001888,0.00020573,942839.5642
1517011200000,0.00020476,0.0002718,0.0002042,0.00025902,1227948.5261
1517097600000,0.00025363,0.000257,0.00023,0.00024493,1030956.349
1517184000000,0.00024233,0.00024493,0.00021,0.0002311,1074530.3763
1517270400000,0.00023001,0.000233,0.000198,0.00022,1297726.3655
1517356800000,0.00021999,0.000238,0.0002001,0.00022,905301.0931
1517443200000,0.00021924,0.00023096,0.00019632,0.00021688,1099790.7178
1517529600000,0.00021688,0.00023588,0.000144,0.00021158,2055242.7278
1517616000000,0.00021409,0.00023583,0.000195,0.00021731,1146380.071
1517702400000,0.00021733,0.000219,0.00017405,0.0001958,941240.2757
1517788800000,0.0001941,0.00020003,0.00015001,0.00018502,1708522.7606
1517875200000,0.000185,0.00022429,0.00015078,0.00020408,2022270.8871
1517961600000,0.00020405,0.00021425,0.00018224,0.00018961,1172936.4307
1518048000000,0.00018955,0.0002,0.0001704,0.00018499,814188.8748
1518134400000,0.00018495,0.00019478,0.00017523,0.0001829,676309.0766
1518220800000,0.0001829,0.000195,0.00016,0.00017085,1107574.9928
1518307200000,0.00017007,0.00017134,0.00015907,0.00016889,778851.0211
1518393600000,0.00017049,0.00018989,0.00017049,0.00017958,1022393.9936
1518480000000,0.00017957,0.000189,0.00016893,0.00018065,775519.7514
1518566400000,0.00018065,0.000212,0.00017836,0.000212,1142033.1694
1518652800000,0.00021136,0.0002152,0.0001855,0.00019225,761579.3695
1518739200000,0.00019221,0.0001996,0.00014996,0.00018867,1080025.0382
1518825600000,0.00018866,0.00019,0.000174,0.00018103,498180.542
1518912000000,0.00018323,0.000185,0.00016792,0.000174,520557.4391
1518998400000,0.00017495,0.00017879,0.0001615,0.00016764,616659.046
1519084800000,0.00016762,0.00016764,0.000118,0.00013679,1677264.4919
1519171200000,0.00013541,0.00015,0.0001305,0.00013508,1018915.3859
1519257600000,0.00013406,0.00013807,0.0001228,0.00013079,1111390.5064
1519344000000,0.00013079,0.00014962,0.00012702,0.00014391,825952.2863
1519430400000,0.00014389,0.000147,0.00013362,0.00013557,585853.1196
1519516800000,0.00013558,0.000144,0.0001297,0.00014352,664174.248
1519603200000,0.00014222,0.00014649,0.00013296,0.0001359,461509.8496
1519689600000,0.00013599,0.000144,0.0001231,0.0001241,692677.5631
1519776000000,0.0001241,0.00012675,0.00011281,0.00011314,885479.5071
1519862400000,0.00011397,0.000136,0.00011289,0.0001315,904625.9252
1519948800000,0.00013148,0.0001384,0.000123,0.0001375,869219.3632
1520035200000,0.00013752,0.00013895,0.00012842,0.00012918,608897.2281
1520121600000,0.000129,0.00014908,0.0001265,0.0001459,845851.682
1520208000000,0.0001465,0.00015142,0.00013823,0.00014649,828764.8691
1520294400000,0.00014691,0.00014744,0.000124,0.00013693,1037141.9818
1520380800000,0.00013697,0.00013973,0.000121,0.00012696,836846.7784
1520467200000,0.00012696,0.0001319,0.000115,0.0001194,1453114.1707
1520553600000,0.00011938,0.00012879,0.0001073,0.00012612,1968285.8375
1520640000000,0.00012603,0.00012799,0.00011499,0.000118,725364.6669
1520726400000,0.000118,0.00012677,0.0001147,0.00011802,366551.641
1520812800000,0.0001181,0.00012228,0.0001147,0.00011535,440247.904
1520899200000,0.0001155,0.00012193,0.0001095,0.00011372,594676.5933
1520985600000,0.00011371,0.00011698,0.0001,0.000105,898092.5946
1521072000000,0.00010519,0.0001098,9.5e-05,9.502e-05,1181930.2885
1521158400000,9.501e-05,0.0001,9.385e-05,9.899e-05,622277.3668
1521244800000,9.898e-05,9.898e-05,8e-05,8.413e-05,1162387.3151
1521331200000,8.413e-05,9.798e-05,6.698e-05,9.682e-05,1948923.1535
1521417600000,9.683e-05,0.00011299,8.4e-05,0.00010861,1665018.8912
1521504000000,0.00010861,0.00011195,9.74e-05,0.00010534,919483.3211
1521590400000,0.00010443,0.0001095,9.86e-05,0.00010267,873057.7242
1521676800000,0.00010269,0.000107,9.641e-05,0.0001033,718562.5895
1521763200000,0.00010289,0.00010542,8.638e-05,0.00010089,867616.0211
1521849600000,0.000101,0.00010479,9.8e-05,0.00010146,687807.131
1521936000000,0.00010146,0.00010475,9.8e-05,0.0001014,455116.1898
1522022400000,0.00010189,0.00010325,9.2e-05,0.0001,948515.2392
1522108800000,9.941e-05,9.999e-05,9.1e-05,9.499e-05,619312.0964
1522195200000,9.499e-05,9.536e-05,9.14e-05,9.195e-05,497993.9762
1522281600000,9.183e-05,9.611e-05,8.11e-05,8.55e-05,1534866.1693
1522368000000,8.526e-05,9.94e-05,7.777e-05,8.516e-05,1621813.8362
1522454400000,8.506e-05,9.193e-05,8.401e-05,8.856e-05,692353.5202
1522540800000,8.909e-05,9.145e-05,8.139e-05,8.441e-05,1040778.574
1522627200000,8.427e-05,8.575e-05,8.052e-05,8.488e-05,1093942.8251
1522713600000,8.433e-05,0.00011296,8.035e-05,0.00011089,2570294.0186
1522800000000,0.00011089,0.00012451,0.0001001,0.00011482,5468758.3538
1522886400000,0.00011482,0.00011588,9.787e-05,0.00010738,2081710.9037
1522972800000,0.00010737,0.0001092,9.931e-05,0.00010428,843782.3011
1523059200000,0.00010428,0.00010605,0.00010001,0.00010233,691849.1877
1523145600000,0.00010223,0.00011084,9.77e-05,0.00011077,1201008.4109
1523232000000,0.00011075,0.000115,0.0001,0.000106,1925748.4064
1523318400000,0.00010601,0.00010655,0.0001012,0.00010319,941820.8825
1523404800000,0.00010301,0.000105,0.0001014,0.00010451,1192659.9405
1523491200000,0.00010196,0.0001101,9.71e-05,0.00010803,1617514.138
1523577600000,0.00010796,0.0001182,0.00010165,0.00010595,1627068.4304
1523664000000,0.00010548,0.000114,0.0001026,0.000109,735505.6855
1523750400000,0.00010892,0.00012454,0.0001081,0.00011553,1440327.9108
1523836800000,0.00011604,0.00011891,0.00011061,0.00011798,1095007.607
1523923200000,0.00011602,0.0001267,0.0001118,0.00012134,2202516.9758
1524009600000,0.00012134,0.00014901,0.00012066,0.000145,3543097.231
1524096000000,0.000145,0.000149,0.000134,0.00014014,1917553.2314
1524182400000,0.00014045,0.00014978,0.00013794,0.00014106,1450321.2997
1524268800000,0.00014106,0.00014699,0.00013427,0.00013701,1179273.1328
1524355200000,0.00013702,0.0001559,0.00012797,0.00015095,1776385.293
1524441600000,0.00014845,0.0001529,0.0001415,0.00014958,1258049.9356
1524528000000,0.00014797,0.00015,0.000139,0.00014363,1334732.7072
1524614400000,0.0001435,0.00014419,0.00012055,0.00012956,1724755.7454
1524700800000,0.00012955,0.0001345,0.00012,0.00013063,1985966.0878
1524787200000,0.00013,0.0001345,0.0001162,0.00012507,1807974.5369
1524873600000,0.00012507,0.00013169,0.00011825,0.00012733,1198457.6658
1524960000000,0.00012581,0.00012989,0.00012,0.00012337,1393935.0806
1525046400000,0.00012337,0.00013792,0.00012025,0.00012876,2066369.6496
1525132800000,0.00012818,0.00013,0.0001143,0.00012213,1826518.2573
1525219200000,0.00012212,0.00012768,0.000115,0.00012,2001887.7522
1525305600000,0.00011984,0.000128,0.00011603,0.00011889,2467344.5409
1525392000000,0.00011889,0.00012041,0.0001106,0.0001108,1613050.4188
1525478400000,0.0001108,0.00011276,9.912e-05,0.00010629,2566742.5779
1525564800000,0.00010629,0.00010826,9.557e-05,0.00010354,1936847.9719
1525651200000,0.00010353,0.0001169,9.781e-05,0.00011621,2431874.3635
1525737600000,0.00011621,0.00011621,0.000106,0.00011171,1561917.352
1525824000000,0.0001119,0.0001119,0.00010501,0.00010796,1106020.9628
1525910400000,0.00010747,0.00010902,0.00010033,0.00010131,1953420.5059
1525996800000,0.000101,0.00010388,9.215e-05,9.897e-05,1988544.8502
1526083200000,9.898e-05,0.00010196,9.216e-05,0.00010086,1254055.3703
1526169600000,0.00010086,0.00010499,9.765e-05,0.00010014,1507435.675
1526256000000,0.0001011,0.0001055,9.923e-05,0.00010099,1456808.0289
1526342400000,0.00010001,0.00010202,9.5e-05,9.71e-05,1181098.1698
1526428800000,9.701e-05,9.979e-05,9.253e-05,9.754e-05,921443.9679
1526515200000,9.754e-05,9.754e-05,9.1e-05,9.179e-05,889832.9222
1526601600000,9.107e-05,9.496e-05,8.3e-05,9.297e-05,1578189.3011
1526688000000,9.297e-05,9.497e-05,8.74e-05,9.03e-05,631491.774
1526774400000,9.03e-05,9.266e-05,8.661e-05,9.076e-05,586250.1215
1526860800000,9.076e-05,9.896e-05,9.023e-05,9.526e-05,1107177.8819
1526947200000,9.469e-05,9.784e-05,8.5e-05,8.815e-05,983791.9618
1527033600000,8.793e-05,8.835e-05,8.15e-05,8.25e-05,1158913.3374
1527120000000,8.25e-05,8.9e-05,7.881e-05,8.9e-05,1102967.74
1527206400000,8.899e-05,8.987e-05,8.4e-05,8.436e-05,636081.2136
1527292800000,8.44e-05,8.8e-05,8.41e-05,8.698e-05,446319.183
1527379200000,8.698e-05,8.77e-05,8.402e-05,8.617e-05,431719.5137
1527465600000,8.502e-05,8.531e-05,7.86e-05,7.915e-05,533581.3155
1527552000000,7.909e-05,8.729e-05,7.858e-05,8.494e-05,950118.7387
1527638400000,8.455e-05,8.7e-05,8.015e-05,8.253e-05,596792.4618
1527724800000,8.255e-05,8.665e-05,8.001e-05,8.156e-05,740743.3804
1527811200000,8.165e-05,8.38e-05,8e-05,8.227e-05,572008.7863
1527897600000,8.212e-05,8.523e-05,8.062e-05,8.356e-05,566593.7851
1527984000000,8.35e-05,8.527e-05,8.251e-05,8.35e-05,474302.5142
1528070400000,8.295e-05,8.397e-05,7.95e-05,8.013e-05,719242.6975
1528156800000,8.011e-05,8.154e-05,7.85e-05,8.153e-05,686220.0605
1528243200000,8.144e-05,8.154e-05,7.851e-05,7.983e-05,366225.5826
1528329600000,8.01e-05,8.297e-05,7.889e-05,7.979e-05,725978.8992
1528416000000,7.979e-05,8.235e-05,7e-05,7.464e-05,933983.9946
1528502400000,7.464e-05,7.619e-05,7.012e-05,7.112e-05,734634.9708
1528588800000,7.112e-05,7.345e-05,6.424e-05,6.925e-05,1233315.1982
1528675200000,6.925e-05,7.1e-05,6.267e-05,6.844e-05,854389.2587
1528761600000,6.845e-05,7.055e-05,5.751e-05,6.034e-05,1179359.5535
1528848000000,6.08e-05,6.164e-05,5.2e-05,5.896e-05,1376028.1651
1528934400000,5.896e-05,7e-05,5.35e-05,6.601e-05,1162217.1593
1529020800000,6.6e-05,6.696e-05,5.867e-05,6.13e-05,564689.6936
1529107200000,6.127e-05,6.42e-05,5.53e-05,6.42e-05,706529.4671
1529193600000,6.42e-05,7.156e-05,6.272e-05,6.42e-05,1124349.0681
1529280000000,6.462e-05,6.663e-05,6.098e-05,6.49e-05,900865.1629
1529366400000,6.451e-05,6.49e-05,6.096e-05,6.187e-05,682318.2841
1529452800000,6.194e-05,6.238e-05,5.716e-05,6.025e-05,649696.5338
1529539200000,6.025e-05,6.181e-05,5.5e-05,5.87e-05,683882.7887
1529625600000,5.871e-05,5.9e-05,5.25e-05,5.409e-05,1011183.6785
1529712000000,5.452e-05,5.621e-05,5.25e-05,5.376e-05,391269.4054
1529798400000,5.332e-05,5.498e-05,4.741e-05,5.019e-05,657608.3456
1529884800000,5.062e-05,5.4e-05,5e-05,5.153e-05,451228.7276
1529971200000,5.141e-05,5.152e-05,4.752e-05,4.989e-05,571567.2406
1530057600000,4.947e-05,4.953e-05,4.41e-05,4.678e-05,761021.7521
1530144000000,4.641e-05,4.736e-05,4e-05,4.206e-05,860930.6884
1530230400000,4.254e-05,4.315e-05,3.711e-05,3.951e-05,1361871.3328
1530316800000,4.012e-05,4.346e-05,3.825e-05,3.847e-05,1062924.0111
1530403200000,3.847e-05,4.172e-05,3.8e-05,4.172e-05,988497.9862
1530489600000,4.172e-05,4.905e-05,4.122e-05,4.778e-05,1210886.4484
1530576000000,4.777e-05,4.787e-05,4.292e-05,4.373e-05,757637.7244
1530662400000,4.373e-05,4.9e-05,4.31e-05,4.673e-05,582093.1177
1530748800000,4.625e-05,4.849e-05,4.242e-05,4.34e-05,704304.2926
1530835200000,4.338e-05,4.579e-05,4.265e-05,4.5e-05,679840.8187
1530921600000,4.454e-05,4.653e-05,4.301e-05,4.548e-05,412076.8938
1531008000000,4.548e-05,4.99e-05,4.548e-05,4.839e-05,465024.8923
1531094400000,4.84e-05,4.854e-05,4.49e-05,4.59e-05,570948.0801
1531180800000,4.59e-05,4.59e-05,4e-05,4.182e-05,801526.4279
1531267200000,4.17e-05,4.339e-05,4.05e-05,4.3e-05,303244.7251
1531353600000,4.3e-05,4.358e-05,4.1e-05,4.303e-05,497652.8288
1531440000000,4.308e-05,4.49e-05,4.222e-05,4.489e-05,680743.373
1531526400000,4.494e-05,4.68e-05,4.229e-05,4.419e-05,390864.0043
1531612800000,4.42e-05,4.642e-05,4.3e-05,4.578e-05,376534.3273
1531699200000,4.616e-05,4.822e-05,4.45e-05,4.789e-05,475698.961
1531785600000,4.801e-05,5.297e-05,4.714e-05,5.112e-05,930745.7069
1531872000000,5.064e-05,5.3e-05,4.901e-05,5.079e-05,801832.3835
1531958400000,5.01e-05,5.079e-05,4.659e-05,4.754e-05,633189.1856
1532044800000,4.684e-05,4.765e-05,4e-05,4.112e-05,505579.738
1532131200000,4.119e-05,4.334e-05,4.076e-05,4.333e-05,192411.4985
1532217600000,4.289e-05,4.433e-05,4.153e-05,4.2e-05,247195.3082
1532304000000,4.199e-05,4.399e-05,3.8e-05,3.9e-05,512353.6492
1532390400000,3.831e-05,3.93e-05,3.25e-05,3.5e-05,1189051.6507
1532476800000,3.53e-05,3.679e-05,3.403e-05,3.678e-05,411247.2279
1532563200000,3.679e-05,3.712e-05,3.3e-05,3.557e-05,671904.3863
1532649600000,3.5e-05,3.521e-05,3.3e-05,3.382e-05,519816.8693
1532736000000,3.382e-05,3.545e-05,3.335e-05,3.424e-05,355737.1991
1532822400000,3.46e-05,3.631e-05,3.319e-05,3.416e-05,381585.6866
1532908800000,3.45e-05,3.5e-05,3.318e-05,3.399e-05,247112.8425
1532995200000,3.364e-05,3.41e-05,2.937e-05,3.146e-05,1176046.2135
1533081600000,3.137e-05,3.366e-05,2.963e-05,3.049e-05,735966.4047
1533168000000,3.021e-05,3.2e-05,2.965e-05,2.98e-05,673142.6537
1533254400000,2.98e-05,3.2e-05,2.805e-05,3.113e-05,682445.9391
1533340800000,3.113e-05,3.197e-05,3.016e-05,3.084e-05,347034.8771
1533427200000,3.054e-05,3.114e-05,3.006e-05,3.084e-05,395681.582
1533513600000,3.076e-05,3.097e-05,2.868e-05,3.004e-05,616332.0172
1533600000000,3.015e-05,3.18e-05,2.899e-05,2.959e-05,423446.2849
1533686400000,2.999e-05,3.073e-05,2.751e-05,2.819e-05,820404.9108
1533772800000,2.788e-05,3.066e-05,2.754e-05,2.942e-05,427297.3516
1533859200000,2.962e-05,3.05e-05,2.908e-05,2.973e-05,386207.1387
1533945600000,2.926e-05,2.971e-05,2.832e-05,2.904e-05,419959.366
1534032000000,2.901e-05,2.975e-05,2.618e-05,2.737e-05,374395.7365
1534118400000,2.737e-05,2.892e-05,2.45e-05,2.53e-05,457909.6495
1534204800000,2.527e-05,2.623e-05,1.991e-05,2.269e-05,1110202.5826
1534291200000,2.264e-05,2.85e-05,2.156e-05,2.602e-05,962432.2058
1534377600000,2.596e-05,2.642e-05,2.408e-05,2.477e-05,401516.8153
1534464000000,2.467e-05,2.799e-05,2.434e-05,2.792e-05,615903.7704
1534550400000,2.798e-05,2.849e-05,2.611e-05,2.672e-05,400065.5295
1534636800000,2.683e-05,2.729e-05,2.6e-05,2.729e-05,507521.3289
1534723200000,2.729e-05,2.735e-05,2.581e-05,2.599e-05,508343.4283
1534809600000,2.592e-05,2.747e-05,2.4e-05,2.494e-05,413408.3026
1534896000000,2.493e-05,2.656e-05,2.3e-05,2.405e-05,572963.7455
1534982400000,2.402e-05,2.759e-05,2.402e-05,2.7e-05,637735.1425
1535068800000,2.7e-05,3.4e-05,2.665e-05,3.11e-05,901808.8119
1535155200000,3.115e-05,3.151e-05,2.911e-05,3.021e-05,315269.2823
1535241600000,3.05e-05,3.099e-05,2.75e-05,3.049e-05,344373.2779
1535328000000,3.05e-05,3.278e-05,2.919e-05,2.973e-05,507993.7149
1535414400000,3.02e-05,3.39e-05,2.9e-05,3.25e-05,605471.3146
1535500800000,3.249e-05,3.289e-05,2.928e-05,3.097e-05,411414.6305
1535587200000,3.072e-05,3.141e-05,2.834e-05,2.892e-05,448150.8715
1535673600000,2.919e-05,2.996e-05,2.766e-05,2.946e-05,352217.3021
1535760000000,2.947e-05,3.32e-05,2.916e-05,3.13e-05,418918.5083
1535846400000,3.13e-05,3.32e-05,2.97e-05,3.14e-05,414582.4801
1535932800000,3.121e-05,3.3e-05,3.05e-05,3.079e-05,425837.1015
1536019200000,3.061e-05,3.25e-05,3.061e-05,3.17e-05,378573.9982
1536105600000,3.193e-05,3.259e-05,2.85e-05,2.884e-05,685656.5128
1536192000000,2.85e-05,3.075e-05,2.836e-05,2.98e-05,443051.7759
1536278400000,2.978e-05,3.32e-05,2.95e-05,3.052e-05,451826.1418
1536364800000,3.052e-05,3.181e-05,2.907e-05,3.001e-05,434740.0014
1536451200000,2.999e-05,3.247e-05,2.949e-05,3.116e-05,337930.1977
1536537600000,3.113e-05,3.399e-05,3.082e-05,3.2e-05,589103.7243
1536624000000,3.213e-05,3.389e-05,2.935e-05,3.29e-05,500709.6317
1536710400000,3.294e-05,3.59e-05,3.022e-05,3.363e-05,1114930.6635
1536796800000,3.388e-05,3.799e-05,3.33e-05,3.676e-05,681387.1318
1536883200000,3.723e-05,3.8e-05,3.4e-05,3.72e-05,495116.7593
1536969600000,3.67e-05,3.84e-05,3.614e-05,3.711e-05,362313.8966
1537056000000,3.713e-05,3.743e-05,3.432e-05,3.67e-05,415130.1241
1537142400000,3.637e-05,3.9e-05,3.497e-05,3.7e-05,540806.2447
1537228800000,3.675e-05,3.845e-05,3.43e-05,3.752e-05,482061.3278
1537315200000,3.748e-05,4.287e-05,3.7e-05,4.275e-05,936150.0668
1537401600000,4.267e-05,4.27e-05,3.8e-05,4.037e-05,698918.0461
1537488000000,4.023e-05,4.299e-05,3.88e-05,4.162e-05,610089.9516
1537574400000,4.194e-05,4.194e-05,3.812e-05,3.953e-05,616160.7795
1537660800000,3.948e-05,3.948e-05,3.75e-05,3.803e-05,284630.4015
1537747200000,3.799e-05,3.852e-05,3.451e-05,3.646e-05,492911.3816
1537833600000,3.647e-05,3.825e-05,3.41e-05,3.764e-05,347429.1983
1537920000000,3.746e-05,3.764e-05,3.615e-05,3.756e-05,241219.4877
1538006400000,3.764e-05,3.84e-05,3.675e-05,3.76e-05,233210.3632
1538092800000,3.767e-05,3.855e-05,3.6e-05,3.807e-05,305763.3107
1538179200000,3.848e-05,3.854e-05,3.699e-05,3.705e-05,213635.9328
1538265600000,3.705e-05,3.82e-05,3.6e-05,3.648e-05,204305.4889
1538352000000,3.648e-05,3.809e-05,3.609e-05,3.726e-05,326240.6912
1538438400000,3.649e-05,3.839e-05,3.428e-05,3.463e-05,664020.252
1538524800000,3.463e-05,3.784e-05,3.321e-05,3.533e-05,238292.5752
1538611200000,3.532e-05,3.671e-05,3.5e-05,3.516e-05,180528.6617
1538697600000,3.547e-05,3.647e-05,3.451e-05,3.53e-05,181996.9484
1538784000000,3.521e-05,3.565e-05,3.31e-05,3.48e-05,155237.5895
1538870400000,3.499e-05,3.576e-05,3.361e-05,3.522e-05,204910.9712
1538956800000,3.538e-05,3.579e-05,3.393e-05,3.529e-05,168994.8461
1539043200000,3.529e-05,3.569e-05,3.22e-05,3.256e-05,345930.8516
1539129600000,3.276e-05,3.319e-05,3.133e-05,3.203e-05,596404.0038
1539216000000,3.205e-05,3.249e-05,2.8e-05,2.858e-05,594242.291
1539302400000,2.858e-05,3.045e-05,2.751e-05,2.93e-05,352705.6859
1539388800000,2.935e-05,3.045e-05,2.902e-05,2.987e-05,157154.6915
1539475200000,3.04e-05,3.359e-05,2.91e-05,3.149e-05,522295.5466
1539561600000,3.149e-05,3.154e-05,2.893e-05,2.925e-05,478237.3458
1539648000000,2.949e-05,3.027e-05,2.9e-05,2.93e-05,457130.3916
1539734400000,2.93e-05,2.969e-05,2.848e-05,2.969e-05,502715.4857
1539820800000,2.968e-05,3.118e-05,2.933e-05,3.11e-05,529351.3337
1539907200000,3.081e-05,3.39e-05,2.993e-05,3.242e-05,767803.0427
1539993600000,3.266e-05,3.35e-05,3.003e-05,3.078e-05,340330.6809
1540080000000,3.099e-05,3.19e-05,3.008e-05,3.02e-05,155556.6648
1540166400000,3.05e-05,3.171e-05,2.995e-05,3.099e-05,437036.5668
1540252800000,3.099e-05,3.134e-05,3e-05,3.056e-05,263988.7602
1540339200000,3.045e-05,3.094e-05,2.968e-05,3.049e-05,249730.2555
1540425600000,3.034e-05,3.125e-05,2.922e-05,3.006e-05,331067.8924
1540512000000,2.971e-05,3.15e-05,2.922e-05,3.148e-05,396856.908
1540598400000,3.147e-05,3.341e-05,3.11e-05,3.288e-05,425654.1538
1540684800000,3.292e-05,3.339e-05,3.06e-05,3.279e-05,366180.9318
1540771200000,3.279e-05,3.35e-05,3.125e-05,3.189e-05,423971.6393
1540857600000,3.151e-05,3.7e-05,3.126e-05,3.643e-05,722472.6514
1540944000000,3.695e-05,3.886e-05,3.5e-05,3.581e-05,1050543.2087
1541030400000,3.582e-05,3.696e-05,3.399e-05,3.465e-05,596306.7817
1541116800000,3.469e-05,3.698e-05,3.4e-05,3.669e-05,907158.6122
1541203200000,3.667e-05,3.69e-05,3.541e-05,3.591e-05,246857.6539
1541289600000,3.553e-05,3.62e-05,3.451e-05,3.516e-05,284614.0143
1541376000000,3.516e-05,3.618e-05,3.466e-05,3.521e-05,253616.24
1541462400000,3.54e-05,3.657e-05,3.521e-05,3.657e-05,301093.1805
1541548800000,3.627e-05,3.785e-05,3.56e-05,3.617e-05,439555.1461
1541635200000,3.613e-05,3.681e-05,3.51e-05,3.626e-05,250713.1714
1541721600000,3.626e-05,3.795e-05,3.59e-05,3.72e-05,290603.8203
1541808000000,3.72e-05,3.777e-05,3.522e-05,3.619e-05,258263.7346
1541894400000,3.59e-05,3.603e-05,3.449e-05,3.49e-05,198011.7806
1541980800000,3.49e-05,3.49e-05,3.374e-05,3.429e-05,186915.9212
1542067200000,3.4e-05,3.421e-05,3.3e-05,3.336e-05,231287.2545
1542153600000,3.302e-05,3.302e-05,2.597e-05,3.188e-05,1189060.2845
1542240000000,3.103e-05,3.118e-05,2.6e-05,2.9e-05,1520713.9325
1542326400000,2.9e-05,3.144e-05,2.803e-05,2.975e-05,424366.3676
1542412800000,2.95e-05,2.986e-05,2.756e-05,2.861e-05,305342.9411
1542499200000,2.819e-05,2.886e-05,2.677e-05,2.811e-05,254081.6018
1542585600000,2.784e-05,2.808e-05,2.248e-05,2.394e-05,1395520.0457
1542672000000,2.394e-05,2.6e-05,2.207e-05,2.521e-05,1213718.4008
1542758400000,2.513e-05,2.798e-05,2.507e-05,2.692e-05,549743.5202
1542844800000,2.7e-05,2.76e-05,2.658e-05,2.696e-05,273124.4347
1542931200000,2.696e-05,2.739e-05,2.599e-05,2.697e-05,387749.8655
1543017600000,2.729e-05,2.739e-05,2.656e-05,2.727e-05,256322.1851
1543104000000,2.687e-05,2.739e-05,2.396e-05,2.705e-05,760074.3221
1543190400000,2.704e-05,2.739e-05,2.554e-05,2.667e-05,405032.9407
1543276800000,2.659e-05,2.679e-05,2.537e-05,2.615e-05,297086.7896
1543363200000,2.603e-05,2.95e-05,2.568e-05,2.677e-05,807733.5254
1543449600000,2.677e-05,2.9e-05,2.55e-05,2.835e-05,534073.3098
1543536000000,2.835e-05,2.899e-05,2.602e-05,2.779e-05,399448.6599
1543622400000,2.779e-05,2.822e-05,2e-05,2.621e-05,543875.1515
1543708800000,2.621e-05,2.784e-05,2.607e-05,2.784e-05,220141.3633
1543795200000,2.776e-05,2.838e-05,2.68e-05,2.73e-05,203840.2291
1543881600000,2.703e-05,2.821e-05,2.609e-05,2.72e-05,280701.4484
1543968000000,2.72e-05,2.741e-05,2.202e-05,2.426e-05,1067360.6899
1544054400000,2.424e-05,2.477e-05,2e-05,2.24e-05,982628.5685
1544140800000,2.24e-05,2.569e-05,2.1e-05,2.414e-05,1215244.3925
1544227200000,2.39e-05,2.42e-05,2.025e-05,2.3e-05,803005.6619
1544313600000,2.299e-05,2.325e-05,2.178e-05,2.249e-05,178822.5072
1544400000000,2.249e-05,2.298e-05,2.074e-05,2.212e-05,529297.9068
1544486400000,2.209e-05,2.231e-05,1.964e-05,2.05e-05,637351.8005
1544572800000,2.05e-05,2.166e-05,1.8e-05,2.048e-05,924918.7596
1544659200000,2.045e-05,2.117e-05,1.984e-05,2.062e-05,336938.003
1544745600000,2.06e-05,2.191e-05,1.976e-05,2.146e-05,639951.5416
1544832000000,2.112e-05,2.146e-05,2.021e-05,2.023e-05,328200.8877
1544918400000,2.029e-05,2.13e-05,2.022e-05,2.042e-05,245693.9812
1545004800000,2.045e-05,2.15e-05,2e-05,2.119e-05,474008.1494
1545091200000,2.129e-05,2.2e-05,2.041e-05,2.136e-05,414389.6196
1545177600000,2.103e-05,2.397e-05,2.1e-05,2.219e-05,583919.6939
1545264000000,2.219e-05,2.419e-05,2.103e-05,2.406e-05,555339.2549
1545350400000,2.379e-05,2.41e-05,2.202e-05,2.231e-05,464028.6645
1545436800000,2.243e-05,2.324e-05,2.208e-05,2.301e-05,348613.2508
1545523200000,2.301e-05,2.488e-05,2.27e-05,2.469e-05,330226.7376
1545609600000,2.469e-05,2.682e-05,2.469e-05,2.578e-05,630584.977
1545696000000,2.577e-05,2.642e-05,2.42e-05,2.427e-05,310569.1182
1545782400000,2.446e-05,2.569e-05,2.355e-05,2.418e-05,304966.9075
1545868800000,2.418e-05,2.442e-05,2.1e-05,2.104e-05,640623.6325
1545955200000,2.123e-05,2.393e-05,2.103e-05,2.263e-05,447193.2785
1546041600000,2.263e-05,2.394e-05,2.207e-05,2.213e-05,250764.808
1546128000000,2.239e-05,2.45e-05,2.206e-05,2.237e-05,401199.5933
1546214400000,2.241e-05,2.296e-05,1.9e-05,2.02e-05,1151616.9133
1546300800000,2.002e-05,2.25e-05,2.002e-05,2.196e-05,244885.8666
1546387200000,2.204e-05,2.277e-05,2.161e-05,2.24e-05,317954.2641
1546473600000,2.241e-05,2.26e-05,2.05e-05,2.233e-05,385856.7925
1546560000000,2.216e-05,2.259e-05,2.162e-05,2.164e-05,218734.8504
1546646400000,2.173e-05,2.4e-05,2.163e-05,2.298e-05,403293.4392
1546732800000,2.248e-05,2.299e-05,2.192e-05,2.215e-05,237342.1828
1546819200000,2.232e-05,2.37e-05,2.212e-05,2.247e-05,296412.2806
1546905600000,2.266e-05,3.3e-05,2.245e-05,3.171e-05,2701703.3232
1546992000000,3.2e-05,3.914e-05,2.874e-05,2.922e-05,4463188.5516
1547078400000,2.931e-05,2.997e-05,2.414e-05,2.526e-05,1644361.2284
1547164800000,2.548e-05,2.564e-05,2.269e-05,2.424e-05,949461.5936
1547251200000,2.423e-05,2.449e-05,2.282e-05,2.334e-05,333999.7802
1547337600000,2.359e-05,2.425e-05,2.265e-05,2.278e-05,302532.9294
1547424000000,2.293e-05,2.379e-05,2.212e-05,2.339e-05,522626.5752
1547510400000,2.343e-05,2.486e-05,2.219e-05,2.34e-05,507533.9601
1547596800000,2.343e-05,2.39e-05,2.281e-05,2.311e-05,210283.2252
1547683200000,2.306e-05,2.54e-05,2.291e-05,2.42e-05,514668.3693
1547769600000,2.42e-05,2.522e-05,2.25e-05,2.38e-05,557006.8525
1547856000000,2.386e-05,2.45e-05,2.312e-05,2.382e-05,312135.5698
1547942400000,2.382e-05,2.5e-05,2.255e-05,2.416e-05,363089.2796
1548028800000,2.418e-05,2.497e-05,2.355e-05,2.474e-05,346451.0757
1548115200000,2.465e-05,2.473e-05,2.38e-05,2.412e-05,178334.1177
1548201600000,2.408e-05,2.45e-05,2.309e-05,2.353e-05,230821.5177
1548288000000,2.352e-05,2.397e-05,2.22e-05,2.255e-05,609389.1711
1548374400000,2.251e-05,2.299e-05,2.212e-05,2.218e-05,419522.694
1548460800000,2.223e-05,2.32e-05,2.179e-05,2.192e-05,407009.6206
1548547200000,2.192e-05,2.293e-05,2.151e-05,2.159e-05,199379.0841
1548633600000,2.188e-05,2.225e-05,2e-05,2.156e-05,465709.656
1548720000000,2.156e-05,2.225e-05,2.048e-05,2.097e-05,308266.0714
1548806400000,2.097e-05,2.287e-05,2.085e-05,2.145e-05,203415.8117
1548892800000,2.132e-05,2.21e-05,2.118e-05,2.16e-05,309217.3786
1548979200000,2.158e-05,2.192e-05,2.118e-05,2.167e-05,198725.9122
1549065600000,2.17e-05,2.205e-05,2.11e-05,2.126e-05,203089.335
1549152000000,2.14e-05,2.188e-05,2.103e-05,2.181e-05,201916.4459
1549238400000,2.16e-05,2.187e-05,1.955e-05,2.067e-05,419107.4395
1549324800000,2.067e-05,2.102e-05,1.666e-05,2.006e-05,1082529.3674
1549411200000,2.015e-05,2.099e-05,1.94e-05,1.957e-05,337795.9505
1549497600000,1.982e-05,2.045e-05,1.88e-05,1.951e-05,447741.098
1549584000000,1.939e-05,2.15e-05,1.937e-05,2.009e-05,340576.1136
1549670400000,2.009e-05,2.08e-05,1.888e-05,1.965e-05,243254.0066
1549756800000,1.965e-05,2.077e-05,1.931e-05,2.016e-05,285424.1198
1549843200000,2.018e-05,2.077e-05,2e-05,2.025e-05,185988.43
1549929600000,2.048e-05,2.119e-05,2.025e-05,2.077e-05,217954.9995
1550016000000,2.07e-05,2.09e-05,2.046e-05,2.073e-05,118316.126
1550102400000,2.073e-05,2.074e-05,2.005e-05,2.022e-05,126939.6659
1550188800000,2.022e-05,2.089e-05,2.007e-05,2.062e-05,206643.7206
1550275200000,2.062e-05,2.103e-05,2.041e-05,2.081e-05,194164.6908
1550361600000,2.099e-05,2.183e-05,2.052e-05,2.135e-05,301628.3178
1550448000000,2.145e-05,2.19e-05,2.093e-05,2.1e-05,126398.14565985
1550534400000,2.1e-05,2.399e-05,1.752e-05,2.057e-05,546112.9648158
1550620800000,2.064e-05,2.098e-05,1.956e-05,2.096e-05,129722.03600463
1550707200000,2.097e-05,2.1e-05,1.999e-05,1.999e-05,143051.20475599
1550793600000,2.01e-05,2.09e-05,1.99e-05,2.057e-05,183292.82812466
1550880000000,2.085e-05,2.115e-05,2.002e-05,2.093e-05,243317.33763887
1550966400000,2.093e-05,2.274e-05,2.066e-05,2.135e-05,266482.19590209
1551052800000,2.183e-05,2.273e-05,2.051e-05,2.051e-05,232258.31687295
1551139200000,2.069e-05,2.069e-05,1.979e-05,2.066e-05,292908.85022301
1551225600000,2.066e-05,2.069e-05,1.995e-05,2.004e-05,160425.04607783
1551312000000,2.008e-05,2.063e-05,1.97e-05,1.998e-05,333238.54319179
1551398400000,1.998e-05,2.08e-05,1.974e-05,2.062e-05,273491.32587595
1551484800000,2.075e-05,2.08e-05,2.005e-05,2.034e-05,125931.26779558
1551571200000,2.047e-05,2.128e-05,2.023e-05,2.109e-05,162283.5149243
1551657600000,2.083e-05,2.174e-05,2.072e-05,2.12e-05,160250.99952936
1551744000000,2.099e-05,2.999e-05,2.072e-05,2.222e-05,572490.47625604
1551830400000,2.26e-05,2.28e-05,2.06e-05,2.187e-05,302341.06200805
1551916800000,2.165e-05,2.742e-05,2.08e-05,2.246e-05,614811.73968166
1552003200000,2.243e-05,2.358e-05,2.163e-05,2.33e-05,496422.83165744
1552089600000,2.329e-05,2.357e-05,2.171e-05,2.262e-05,303123.05446099
1552176000000,2.243e-05,2.324e-05,2.211e-05,2.3e-05,156316.71899355
1552262400000,2.281e-05,2.445e-05,2.237e-05,2.359e-05,533100.16275134
1552348800000,2.351e-05,2.359e-05,2.214e-05,2.307e-05,355346.13895068
1552435200000,2.294e-05,2.349e-05,2.201e-05,2.23e-05,355638.91045544
1552521600000,2.229e-05,2.379e-05,2.204e-05,2.366e-05,435900.89057945
1552608000000,2.365e-05,2.488e-05,2.34e-05,2.356e-05,226614.42474854
1552694400000,2.381e-05,2.47e-05,2.276e-05,2.318e-05,141648.65823974
1552780800000,2.338e-05,2.338e-05,2.223e-05,2.255e-05,123208.01772385
1552867200000,2.239e-05,2.305e-05,2.21e-05,2.287e-05,160839.41817709
1552953600000,2.294e-05,2.294e-05,2.152e-05,2.161e-05,408698.35969601
1553040000000,2.179e-05,2.218e-05,2.05e-05,2.218e-05,371295.88714042
1553126400000,2.218e-05,2.313e-05,2.111e-05,2.297e-05,385303.61232615
1553212800000,2.273e-05,2.318e-05,2.232e-05,2.297e-05,242227.76728311
1553299200000,2.297e-05,2.299e-05,2.236e-05,2.272e-05,245802.91755536
1553385600000,2.272e-05,2.282e-05,2.15e-05,2.179e-05,272210.42557256
1553472000000,2.178e-05,2.217e-05,2.117e-05,2.162e-05,394788.03526003
1553558400000,2.15e-05,2.397e-05,2.137e-05,2.359e-05,528619.88756171
1553644800000,2.36e-05,2.6e-05,2.31e-05,2.4e-05,1116200.89667751
1553731200000,2.401e-05,2.499e-05,2.321e-05,2.37e-05,455914.04392983
1553817600000,2.37e-05,2.414e-05,2.245e-05,2.324e-05,472491.35406739
1553904000000,2.324e-05,2.389e-05,2.291e-05,2.387e-05,275591.46639351
1553990400000,2.386e-05,2.447e-05,2.334e-05,2.399e-05,275601.58375647
1554076800000,2.401e-05,2.472e-05,2.25e-05,2.304e-05,586653.57985698
1554163200000,2.3e-05,2.405e-05,2.052e-05,2.089e-05,725434.38841116
1554249600000,2.119e-05,2.388e-05,2.05e-05,2.226e-05,1157252.80930339
1554336000000,2.202e-05,2.283e-05,2.065e-05,2.206e-05,769382.54841402
1554422400000,2.2e-05,2.396e-05,2.182e-05,2.225e-05,603782.76089107
1554508800000,2.225e-05,2.338e-05,2.204e-05,2.338e-05,296565.51883094
1554595200000,2.329e-05,2.443e-05,2.329e-05,2.411e-05,590174.55690887
1554681600000,2.417e-05,2.468e-05,2.209e-05,2.27e-05,793229.10067527
1554768000000,2.27e-05,2.4e-05,2.085e-05,2.259e-05,777966.2121041
1554854400000,2.253e-05,2.379e-05,2.209e-05,2.23e-05,312389.18662358
1554940800000,2.23e-05,2.23e-05,2.1e-05,2.162e-05,431422.31238632
1555027200000,2.151e-05,2.225e-05,2.143e-05,2.176e-05,174166.56128806
1555113600000,2.17e-05,2.269e-05,2.17e-05,2.178e-05,177188.89724323
1555200000000,2.189e-05,2.249e-05,2.178e-05,2.234e-05,204258.28666173
1555286400000,2.23e-05,2.272e-05,2.15e-05,2.193e-05,418566.77412529
1555372800000,2.189e-05,2.214e-05,2.118e-05,2.153e-05,285291.28800512
1555459200000,2.158e-05,2.197e-05,2.135e-05,2.176e-05,121689.12098109
1555545600000,2.176e-05,2.2e-05,2.12e-05,2.171e-05,157723.67112235
1555632000000,2.171e-05,2.182e-05,2.123e-05,2.123e-05,205835.33078485
1555718400000,2.129e-05,2.153e-05,2.102e-05,2.111e-05,202361.73151755
1555804800000,2.111e-05,2.14e-05,2.047e-05,2.07e-05,232318.97564886
1555891200000,2.072e-05,2.074e-05,1.956e-05,1.973e-05,341287.96257616
1555977600000,1.98e-05,1.997e-05,1.921e-05,1.938e-05,402296.66085311
1556064000000,1.936e-05,1.964e-05,1.812e-05,1.871e-05,927048.82704364
1556150400000,1.87e-05,1.884e-05,1.744e-05,1.747e-05,760572.34695093
1556236800000,1.763e-05,1.872e-05,1.7e-05,1.845e-05,953430.94715162
1556323200000,1.845e-05,1.885e-05,1.755e-05,1.876e-05,880992.3428
1556409600000,1.88e-05,1.974e-05,1.849e-05,1.903e-05,934916.26687735
1556496000000,1.901e-05,1.927e-05,1.812e-05,1.828e-05,801315.0999347
1556582400000,1.832e-05,1.918e-05,1.827e-05,1.909e-05,633104.39576359
1556668800000,1.915e-05,1.946e-05,1.861e-05,1.907e-05,840443.55807034
1556755200000,1.906e-05,1.931e-05,1.86e-05,1.894e-05,553565.959599
1556841600000,1.898e-05,1.913e-05,1.675e-05,1.751e-05,1112618.58955992
1556928000000,1.742e-05,1.795e-05,1.685e-05,1.71e-05,986522.70825141
1557014400000,1.701e-05,1.711e-05,1.687e-05,1.71e-05,808427.61343451
1557100800000,1.708e-05,1.736e-05,1.601e-05,1.634e-05,992866.88489573
1557187200000,1.627e-05,1.655e-05,1.547e-05,1.576e-05,1008987.72899459
1557273600000,1.583e-05,1.625e-05,1.548e-05,1.594e-05,858858.79723242
1557360000000,1.594e-05,1.63e-05,1.46e-05,1.481e-05,1162281.37498227
1557446400000,1.47e-05,1.642e-05,1.357e-05,1.441e-05,1395688.33325336
1557532800000,1.447e-05,1.471e-05,1.334e-05,1.403e-05,1297805.96118339
1557619200000,1.401e-05,1.467e-05,1.263e-05,1.304e-05,923586.85302632
1557705600000,1.311e-05,1.325e-05,9.9e-06,1.136e-05,979457.49961384
1557792000000,1.109e-05,1.245e-05,1.077e-05,1.145e-05,1124229.1837137
1557878400000,1.141e-05,1.189e-05,1.082e-05,1.148e-05,1462467.69012977
1557964800000,1.162e-05,1.279e-05,1.15e-05,1.256e-05,1388575.42088465
1558051200000,1.256e-05,1.298e-05,1.151e-05,1.168e-05,1019490.02771667
1558137600000,1.168e-05,1.24e-05,9.47e-06,1.203e-05,962259.0219582
1558224000000,1.208e-05,1.208e-05,1.059e-05,1.065e-05,631199.65210864
1558310400000,1.065e-05,1.179e-05,1.05e-05,1.1e-05,898503.88443107
1558396800000,1.109e-05,1.14e-05,1.015e-05,1.036e-05,1052343.88574831
1558483200000,1.035e-05,1.092e-05,1.019e-05,1.066e-05,1367948.83915765
1558569600000,1.068e-05,1.1e-05,1.044e-05,1.088e-05,720402.29901021
1558656000000,1.085e-05,1.1e-05,9.8e-06,9.85e-06,756202.75489157
1558742400000,9.86e-06,1.06e-05,9.76e-06,1.049e-05,557386.42981599
1558828800000,1.041e-05,1.19e-05,9.97e-06,1.002e-05,889394.22077344
1558915200000,9.99e-06,1e-05,8.85e-06,9.46e-06,919376.965439
1559001600000,9.34e-06,1e-05,8.8e-06,9.01e-06,1001329.0853504
1559088000000,9.09e-06,1.016e-05,8.87e-06,9.34e-06,643145.69354726
1559174400000,9.44e-06,1e-05,9.15e-06,9.39e-06,828690.61944808
1559260800000,9.44e-06,9.71e-06,9.18e-06,9.3e-06,591822.17432123
1559347200000,9.25e-06,1.006e-05,9.25e-06,9.93e-06,656104.19684737
1559433600000,9.99e-06,1.065e-05,9.65e-06,9.99e-06,605147.11839116
1559520000000,9.97e-06,1.093e-05,9.94e-06,1.046e-05,823307.02143244
1559606400000,1.05e-05,1.067e-05,9.86e-06,1.024e-05,521134.23884371
1559692800000,1.028e-05,1.036e-05,9.85e-06,1.009e-05,705117.08234333
1559779200000,1.014e-05,1.016e-05,9.95e-06,1.015e-05,554186.6393796
1559865600000,1.007e-05,1.1e-05,9.81e-06,1.049e-05,1049174.48561998
1559952000000,1.048e-05,1.098e-05,1.016e-05,1.04e-05,498494.55798441
1560038400000,1.038e-05,1.086e-05,1.016e-05,1.045e-05,419594.83891771
1560124800000,1.044e-05,1.06e-05,1.006e-05,1.02e-05,552995.57496399
1560211200000,1.022e-05,1.06e-05,9.5e-06,1.006e-05,888262.64635772
1560297600000,1.005e-05,1.02e-05,9.57e-06,1.015e-05,599060.19334121
1560384000000,1.008e-05,1.039e-05,1.003e-05,1.024e-05,530811.67611576
1560470400000,1.033e-05,1.033e-05,1.001e-05,1.005e-05,330526.726144
1560556800000,1.01e-05,1.039e-05,9.06e-06,9.44e-06,706558.40174155
1560643200000,9.42e-06,9.51e-06,5.84e-06,8.84e-06,1241559.00009309
1560729600000,8.92e-06,9.17e-06,8.52e-06,8.57e-06,596418.42862909
1560816000000,8.66e-06,9.09e-06,8.5e-06,8.91e-06,541541.47964447
1560902400000,8.91e-06,9.17e-06,8.67e-06,9.06e-06,376894.76163747
1560988800000,9.09e-06,9.27e-06,8.51e-06,8.55e-06,456637.14101208
1561075200000,8.55e-06,8.85e-06,7.8e-06,7.89e-06,526565.39481762
1561161600000,7.85e-06,8e-06,5.82e-06,6.99e-06,1931240.89971839
1561248000000,6.99e-06,7.33e-06,6.55e-06,7.05e-06,815225.52254189
1561334400000,7.05e-06,7.18e-06,6.37e-06,6.59e-06,479676.3151645
1561420800000,6.59e-06,6.61e-06,6.03e-06,6.12e-06,622321.34042787
1561507200000,6.05e-06,6.22e-06,5.15e-06,5.42e-06,814229.11387525
1561593600000,5.4e-06,6.31e-06,5.31e-06,6.1e-06,1046544.97517797
1561680000000,6.12e-06,6.98e-06,6.1e-06,6.89e-06,1060460.20812821
1561766400000,6.93e-06,7.79e-06,6.93e-06,7.69e-06,1109696.79344833
1561852800000,7.66e-06,8.38e-06,7.22e-06,8.21e-06,935165.27599589
1561939200000,8.19e-06,1.009e-05,7.77e-06,8.08e-06,2522867.24151784
1562025600000,8.05e-06,9e-06,7.2e-06,7.92e-06,2105869.40505719
1562112000000,7.95e-06,8.45e-06,7.32e-06,7.37e-06,1203082.09678947
1562198400000,7.33e-06,7.54e-06,7.02e-06,7.07e-06,815205.70082502
1562284800000,7.07e-06,7.37e-06,6.92e-06,7.1e-06,892071.78256084
1562371200000,7.06e-06,7.43e-06,7e-06,7.24e-06,566367.95711234
1562457600000,7.23e-06,7.77e-06,6.95e-06,7.27e-06,620294.33007043
1562544000000,7.24e-06,9.32e-06,7.01e-06,7.49e-06,2048998.613775
1562630400000,7.53e-06,7.67e-06,6.57e-06,6.72e-06,918516.2820933
1562716800000,6.72e-06,7.95e-06,5.8e-06,7.37e-06,1223824.43894128
1562803200000,7.37e-06,7.94e-06,6.86e-06,7.08e-06,994968.06417017
1562889600000,7.11e-06,7.28e-06,6.7e-06,6.87e-06,904004.57993392
1562976000000,6.86e-06,7.21e-06,6.35e-06,7.13e-06,1078484.34712773
1563062400000,7.15e-06,7.15e-06,6.66e-06,6.94e-06,525399.39260593
1563148800000,6.95e-06,7.08e-06,6.64e-06,6.78e-06,635862.66749281
1563235200000,6.78e-06,8.29e-06,6.68e-06,7.98e-06,718833.94723576
1563321600000,7.98e-06,8.23e-06,7.61e-06,7.71e-06,910968.48795001
1563408000000,7.71e-06,7.81e-06,7.57e-06,7.64e-06,451145.30639903
1563494400000,7.63e-06,8.11e-06,7.4e-06,7.55e-06,427883.39478074
1563580800000,7.51e-06,7.81e-06,7.35e-06,7.64e-06,500628.00208283
1563667200000,7.64e-06,8.11e-06,7.53e-06,8.07e-06,762078.2311586
1563753600000,8.07e-06,8.24e-06,7.82e-06,8.04e-06,420074.96704793
1563840000000,8.04e-06,8.38e-06,7.99e-06,8.32e-06,437326.09425432
1563926400000,8.32e-06,8.99e-06,8.29e-06,8.68e-06,580351.33483901
1564012800000,8.72e-06,1.099e-05,8.65e-06,1.014e-05,1104959.26337363
1564099200000,1.012e-05,1.012e-05,9.47e-06,9.68e-06,552562.44115111
1564185600000,9.64e-06,9.64e-06,9.01e-06,9.34e-06,370384.62767413
1564272000000,9.36e-06,9.79e-06,9.23e-06,9.78e-06,488040.80390154
1564358400000,9.79e-06,1.045e-05,9.17e-06,9.42e-06,866061.70467971
1564444800000,9.44e-06,9.72e-06,9.16e-06,9.46e-06,643684.94553155
1564531200000,9.52e-06,1.057e-05,9.5e-06,1.021e-05,892601.91979825
1564617600000,1.022e-05,1.15e-05,7.48e-06,7.92e-06,3490330.3139616
1564704000000,7.92e-06,8.05e-06,7.01e-06,7.4e-06,1563592.77290332
1564790400000,7.38e-06,7.74e-06,7.17e-06,7.3e-06,580060.30188993
1564876800000,7.3e-06,7.36e-06,6.26e-06,6.36e-06,814779.17702212
1564963200000,6.34e-06,6.73e-06,6e-06,6.28e-06,811362.70684991
1565049600000,6.28e-06,6.79e-06,5.27e-06,6.63e-06,1282417.79440616
1565136000000,6.61e-06,6.99e-06,6.03e-06,6.3e-06,710015.19611563
1565222400000,6.3e-06,6.38e-06,6.1e-06,6.34e-06,544492.59767572
1565308800000,6.31e-06,6.33e-06,5.67e-06,5.82e-06,553696.49455875
1565395200000,5.8e-06,5.95e-06,5.39e-06,5.42e-06,1014641.65562939
1565481600000,5.43e-06,5.69e-06,5.39e-06,5.55e-06,633466.0778064
1565568000000,5.53e-06,5.78e-06,5.2e-06,5.52e-06,804518.86314678
1565654400000,5.5e-06,5.58e-06,5.41e-06,5.49e-06,415163.58085348
1565740800000,5.48e-06,5.57e-06,5.31e-06,5.41e-06,615503.29247217
1565827200000,5.41e-06,5.49e-06,5.13e-06,5.33e-06,854634.71760414
1565913600000,5.33e-06,5.34e-06,4.85e-06,4.96e-06,746011.95833876
1566000000000,4.94e-06,5.01e-06,4.71e-06,4.95e-06,542553.97041998
1566086400000,4.92e-06,5.16e-06,4.89e-06,5.13e-06,407960.75425267
1566172800000,5.14e-06,5.31e-06,4.89e-06,4.92e-06,739260.28292095
1566259200000,4.93e-06,5.11e-06,4.64e-06,4.84e-06,502280.68210642
1566345600000,4.86e-06,5.33e-06,4.74e-06,5.17e-06,413792.35225573
1566432000000,5.17e-06,5.45e-06,5.12e-06,5.26e-06,247416.30560603
1566518400000,5.27e-06,5.37e-06,4.98e-06,5.02e-06,391576.17032563
1566604800000,5.02e-06,5.08e-06,4.81e-06,4.99e-06,558421.48738299
1566691200000,5.01e-06,5.27e-06,4.99e-06,5.09e-06,512907.7602
1566777600000,5.08e-06,5.19e-06,4.9e-06,5.08e-06,317584.3632
1566864000000,5.08e-06,5.38e-06,5.08e-06,5.22e-06,383805.74176406
1566950400000,5.22e-06,5.24e-06,4.54e-06,4.79e-06,590609.74759052
1567036800000,4.76e-06,4.98e-06,4.63e-06,4.77e-06,363520.8227502
1567123200000,4.76e-06,4.93e-06,4.74e-06,4.79e-06,215797.3132
1567209600000,4.8e-06,4.91e-06,4.74e-06,4.91e-06,165691.6677
1567296000000,4.89e-06,5.19e-06,4.89e-06,5.04e-06,238665.90898561
1567382400000,5.03e-06,5.21e-06,4.92e-06,5.19e-06,269195.79705947
1567468800000,5.18e-06,5.18e-06,4.97e-06,5.06e-06,207499.69900793
1567555200000,5.03e-06,5.14e-06,4.95e-06,5e-06,105838.687
1567641600000,5.01e-06,5.03e-06,4.65e-06,4.68e-06,501930.27308991
1567728000000,4.68e-06,4.68e-06,4.47e-06,4.5e-06,392513.05137579
1567814400000,4.5e-06,4.6e-06,4.05e-06,4.46e-06,492350.82332959
1567900800000,4.45e-06,4.5e-06,4.12e-06,4.27e-06,638783.29930053
1567987200000,4.27e-06,4.42e-06,4.2e-06,4.2e-06,290315.21882469
1568073600000,4.24e-06,4.28e-06,4e-06,4.16e-06,329950.23653341
1568160000000,4.15e-06,4.33e-06,4.03e-06,4.15e-06,275925.07161224
1568246400000,4.11e-06,4.34e-06,4e-06,4.06e-06,373108.70101184
1568332800000,4.06e-06,4.3e-06,3.93e-06,4.04e-06,292793.16291768
1568419200000,4.04e-06,4.12e-06,3.88e-06,4.05e-06,192044.89002109
1568505600000,4.05e-06,4.1e-06,3.82e-06,3.91e-06,246393.78420737
1568592000000,3.94e-06,4.32e-06,3.94e-06,4.07e-06,231133.86617925
1568678400000,4.07e-06,4.21e-06,3.91e-06,4e-06,275023.69983892
1568764800000,3.98e-06,4.19e-06,3.95e-06,4.17e-06,219099.68796286
1568851200000,4.15e-06,4.22e-06,3.99e-06,4.12e-06,593782.668655
1568937600000,4.12e-06,4.18e-06,4.02e-06,4.05e-06,350036.29593941
1569024000000,4.05e-06,4.14e-06,4.03e-06,4.12e-06,244758.824687
1569110400000,4.12e-06,4.13e-06,4e-06,4.06e-06,273401.97325478
1569196800000,4.06e-06,4.15e-06,3.86e-06,3.93e-06,404041.50978059
1569283200000,3.94e-06,4.16e-06,3.37e-06,3.69e-06,735998.93715529
1569369600000,3.68e-06,3.79e-06,3.45e-06,3.63e-06,612806.44835806
1569456000000,3.64e-06,3.8e-06,3.45e-06,3.68e-06,336880.26005002
1569542400000,3.69e-06,3.99e-06,3.65e-06,3.79e-06,401490.76639769
1569628800000,3.8e-06,3.91e-06,3.75e-06,3.84e-06,278181.76715842
1569715200000,3.84e-06,4.1e-06,3.81e-06,3.94e-06,81107.59922564
1569801600000,3.94e-06,4.43e-06,3.93e-06,4.26e-06,224320.84440422
1569888000000,4.27e-06,4.49e-06,4.01e-06,4.4e-06,263669.29240216
1569974400000,4.4e-06,4.5e-06,4.21e-06,4.45e-06,101833.7415223
1570060800000,4.45e-06,5.38e-06,4.43e-06,5.11e-06,609756.24347316
1570147200000,5.13e-06,5.71e-06,4.86e-06,5.19e-06,525741.01918659
1570233600000,5.21e-06,5.51e-06,5.04e-06,5.27e-06,151523.52243747
1570320000000,5.31e-06,5.32e-06,4.35e-06,4.51e-06,450037.78115179
1570406400000,4.56e-06,4.99e-06,4.3e-06,4.51e-06,581066.97564866
1570492800000,4.51e-06,4.65e-06,3.93e-06,4.51e-06,990106.35286971
1570579200000,4.51e-06,4.66e-06,4.16e-06,4.23e-06,309058.91125047
1570665600000,4.22e-06,4.23e-06,4e-06,4.02e-06,295718.90872198
1570752000000,4.02e-06,4.15e-06,3.49e-06,3.76e-06,695420.71309864
1570838400000,3.74e-06,4.18e-06,3.61e-06,3.92e-06,398681.36326559
1570924800000,3.93e-06,4.39e-06,3.6e-06,4.07e-06,536360.80042067
1571011200000,4.04e-06,5.74e-06,3.76e-06,4.35e-06,1501466.48942147
1571097600000,4.35e-06,5.37e-06,4.28e-06,4.35e-06,687991.3793
1571184000000,4.35e-06,4.78e-06,4.27e-06,4.61e-06,317150.9437776
1571270400000,4.61e-06,5.49e-06,4.41e-06,4.45e-06,865300.54067937
1571356800000,4.45e-06,5e-06,4.37e-06,4.88e-06,614569.70141584
1571443200000,4.88e-06,4.92e-06,4.5e-06,4.57e-06,153343.83384472
1571529600000,4.57e-06,4.66e-06,4.32e-06,4.38e-06,352380.77985772
1571616000000,4.35e-06,4.56e-06,3.95e-06,4.26e-06,313462.28805219
1571702400000,4.25e-06,4.47e-06,4.09e-06,4.29e-06,293473.04973355
1571788800000,4.29e-06,4.29e-06,3.94e-06,4.25e-06,301312.22334481
1571875200000,4.26e-06,4.31e-06,3.98e-06,4.22e-06,215811.1558
1571961600000,4.2e-06,4.29e-06,3.8e-06,3.89e-06,310680.16073296
1572048000000,3.89e-06,4.99e-06,3.21e-06,3.87e-06,874792.30635917
1572134400000,3.89e-06,3.92e-06,3.36e-06,3.52e-06,659418.75645645
1572220800000,3.5e-06,3.84e-06,3.1e-06,3.77e-06,526407.98064276
1572307200000,3.78e-06,4.8e-06,3.71e-06,3.86e-06,994502.93069317
1572393600000,3.86e-06,4.18e-06,3.86e-06,4.12e-06,193866.75741167
1572480000000,4.08e-06,4.17e-06,3.7e-06,4.1e-06,272342.51825449
1572566400000,4.07e-06,4.18e-06,3.78e-06,3.96e-06,316052.27541312
1572652800000,3.96e-06,4.07e-06,3.68e-06,3.89e-06,266963.1953
1572739200000,3.87e-06,4.07e-06,3.84e-06,4.02e-06,132490.9957
1572825600000,4.03e-06,4.1e-06,3.93e-06,3.98e-06,197876.78245376
1572912000000,3.95e-06,4.02e-06,3.65e-06,3.81e-06,375984.84851503
1572998400000,3.77e-06,3.85e-06,3.63e-06,3.71e-06,200208.0950742
1573084800000,3.71e-06,3.9e-06,3.36e-06,3.58e-06,503480.2301581
1573171200000,3.6e-06,4.04e-06,3.5e-06,3.64e-06,543127.8923
1573257600000,3.63e-06,3.81e-06,3.48e-06,3.6e-06,410013.11720323
1573344000000,3.6e-06,3.8e-06,3.54e-06,3.57e-06,112331.02050011
1573430400000,3.57e-06,3.95e-06,3.53e-06,3.78e-06,173978.50427345
1573516800000,3.79e-06,4.2e-06,3.7e-06,3.84e-06,396838.08228187
1573603200000,3.84e-06,3.88e-06,3.5e-06,3.66e-06,608367.98694706
1573689600000,3.68e-06,3.89e-06,3.56e-06,3.59e-06,398501.51495681
1573776000000,3.63e-06,3.96e-06,3.57e-06,3.68e-06,539010.62073341
1573862400000,3.66e-06,3.95e-06,3.53e-06,3.85e-06,279708.97182859
1573948800000,3.85e-06,4e-06,3.7e-06,3.83e-06,309068.19671983
1574035200000,3.8e-06,3.99e-06,3.61e-06,3.75e-06,1005368.26966083
1574121600000,3.75e-06,3.82e-06,3.6e-06,3.73e-06,441710.01854105
1574208000000,3.74e-06,4.25e-06,3.68e-06,3.79e-06,859221.43520799
1574294400000,3.81e-06,4.1e-06,3.68e-06,3.76e-06,877918.27498219
1574380800000,3.73e-06,4.21e-06,3.73e-06,4.02e-06,873435.88293373
1574467200000,4e-06,4.41e-06,3.85e-06,3.9e-06,458747.05440086
1574553600000,3.89e-06,4e-06,3.82e-06,3.92e-06,268828.49049699
1574640000000,3.89e-06,4.04e-06,3.8e-06,3.86e-06,465356.28677264
1574726400000,3.87e-06,3.92e-06,3.73e-06,3.85e-06,388018.58040898
1574812800000,3.82e-06,3.99e-06,3.73e-06,3.83e-06,342232.56914142
1574899200000,3.8e-06,3.95e-06,3.79e-06,3.87e-06,184799.84640302
1574985600000,3.87e-06,4e-06,3.86e-06,3.92e-06,166345.61633013
1575072000000,3.92e-06,4.39e-06,3.86e-06,3.99e-06,747629.18022024
1575158400000,3.99e-06,4.21e-06,3.96e-06,4.12e-06,258598.4917
1575244800000,4.14e-06,4.21e-06,3.85e-06,3.9e-06,785457.60361283
1575331200000,3.87e-06,4.48e-06,3.85e-06,4e-06,587818.24862178
1575417600000,4e-06,4.14e-06,3.86e-06,4.06e-06,516068.28937667
1575504000000,4.05e-06,4.09e-06,3.86e-06,3.87e-06,233640.89846195
1575590400000,3.87e-06,4.3e-06,3.71e-06,3.8e-06,718719.69483618
1575676800000,3.83e-06,4.22e-06,3.8e-06,3.95e-06,335424.21255817
1575763200000,3.96e-06,4.13e-06,3.71e-06,3.94e-06,784829.49656536
1575849600000,3.94e-06,3.94e-06,3.73e-06,3.78e-06,327494.66647547
1575936000000,3.78e-06,4.01e-06,3.71e-06,3.82e-06,431208.7028401
1576022400000,3.84e-06,3.92e-06,3.73e-06,3.8e-06,159012.10896545
1576108800000,3.78e-06,3.94e-06,3.76e-06,3.83e-06,109588.70698282
1576195200000,3.84e-06,3.95e-06,3.77e-06,3.89e-06,203681.51875498
1576281600000,3.88e-06,3.9e-06,3.81e-06,3.85e-06,84107.49797377
1576368000000,3.85e-06,3.99e-06,3.78e-06,3.95e-06,303780.1525961
1576454400000,3.98e-06,3.99e-06,3.76e-06,3.83e-06,224195.55609986
1576540800000,3.82e-06,3.97e-06,3.54e-06,3.55e-06,795301.50091588
1576627200000,3.54e-06,3.95e-06,3.51e-06,3.67e-06,650282.96403544
1576713600000,3.68e-06,3.97e-06,3.64e-06,3.75e-06,346562.81337989
1576800000000,3.75e-06,3.79e-06,3.61e-06,3.77e-06,165354.0869233
1576886400000,3.76e-06,3.82e-06,3.66e-06,3.7e-06,155482.7381
1576972800000,3.72e-06,3.91e-06,3.71e-06,3.82e-06,177035.18743814
1577059200000,3.83e-06,4.03e-06,3.66e-06,3.69e-06,687378.27367089
1577145600000,3.69e-06,3.83e-06,3.69e-06,3.78e-06,62735.11098969
1577232000000,3.77e-06,3.81e-06,3.76e-06,3.81e-06,59429.757495
1577318400000,3.79e-06,3.81e-06,3.6e-06,3.61e-06,267993.12009489
1577404800000,3.61e-06,3.84e-06,3.61e-06,3.75e-06,142301.95990236
1577491200000,3.78e-06,4.16e-06,3.67e-06,3.87e-06,607416.54574915
1577577600000,3.84e-06,3.95e-06,3.75e-06,3.86e-06,349226.43489828
1577664000000,3.83e-06,3.99e-06,3.41e-06,3.75e-06,1606761.00940079
1577750400000,3.73e-06,3.79e-06,3.53e-06,3.67e-06,277020.33829721
1577836800000,3.67e-06,3.99e-06,3.59e-06,3.81e-06,574684.8379
1577923200000,3.81e-06,3.97e-06,3.75e-06,3.97e-06,548676.07561577
1578009600000,3.94e-06,4.06e-06,3.9e-06,4.03e-06,270333.06924841
1578096000000,4.05e-06,4.1e-06,3.93e-06,4.07e-06,505878.77405864
1578182400000,4.06e-06,4.14e-06,3.94e-06,4e-06,185015.10224411
1578268800000,4.01e-06,4.49e-06,3.95e-06,4.45e-06,794682.25602545
1578355200000,4.46e-06,5.52e-06,4.32e-06,5.43e-06,2715051.50309387
1578441600000,5.41e-06,5.45e-06,4.14e-06,4.61e-06,2096801.62532135
1578528000000,4.64e-06,4.93e-06,4.46e-06,4.58e-06,651762.03579619
1578614400000,4.58e-06,4.95e-06,4.5e-06,4.69e-06,291614.40602757
1578700800000,4.68e-06,5.19e-06,4.65e-06,5.11e-06,724216.75912153
1578787200000,5.11e-06,5.55e-06,5.04e-06,5.45e-06,453728.86895666
1578873600000,5.46e-06,5.46e-06,5.07e-06,5.08e-06,519463.71942152
1578960000000,5.08e-06,6e-06,4.6e-06,5.94e-06,1869858.59072801
1579046400000,5.94e-06,6.18e-06,5.46e-06,5.7e-06,1129981.67398642
1579132800000,5.72e-06,5.79e-06,5.24e-06,5.31e-06,571153.23218999
1579219200000,5.29e-06,5.91e-06,5.06e-06,5.1e-06,644435.8926996
1579305600000,5.09e-06,5.17e-06,4.68e-06,4.79e-06,391984.3718273
1579392000000,4.8e-06,5.18e-06,4.5e-06,4.97e-06,717175.34932968
1579478400000,4.97e-06,5.04e-06,4.69e-06,4.76e-06,180192.49145393
1579564800000,4.74e-06,5.08e-06,4.26e-06,4.7e-06,649411.75110131
1579651200000,4.67e-06,5.16e-06,4.22e-06,4.49e-06,1025596.0251832
1579737600000,4.49e-06,4.61e-06,4.15e-06,4.33e-06,479366.9197
1579824000000,4.34e-06,4.4e-06,4.15e-06,4.28e-06,285079.40132885
1579910400000,4.28e-06,4.49e-06,4.11e-06,4.3e-06,510901.94974025
1579996800000,4.32e-06,4.35e-06,4.05e-06,4.14e-06,708238.26323627
1580083200000,4.14e-06,4.3e-06,3.97e-06,4.08e-06,229574.35022494
1580169600000,4.08e-06,4.75e-06,3.92e-06,4.23e-06,614933.10397513
1580256000000,4.22e-06,4.55e-06,4.08e-06,4.4e-06,781807.91120678
1580342400000,4.38e-06,4.48e-06,3.99e-06,4.28e-06,795494.01165591
1580428800000,4.28e-06,4.59e-06,4.07e-06,4.51e-06,611018.97108905
1580515200000,4.53e-06,4.88e-06,4.27e-06,4.55e-06,553920.12696098
1580601600000,4.53e-06,4.6e-06,4.24e-06,4.38e-06,523000.09479982
1580688000000,4.38e-06,4.47e-06,4.13e-06,4.18e-06,650736.40631403
1580774400000,4.17e-06,4.47e-06,4.16e-06,4.42e-06,362243.77950392
1580860800000,4.4e-06,4.48e-06,4e-06,4.19e-06,968276.49919842
1580947200000,4.19e-06,4.41e-06,3.99e-06,4.27e-06,548616.10526221
1581033600000,4.25e-06,4.42e-06,4.1e-06,4.16e-06,635869.50232502
1581120000000,4.15e-06,4.37e-06,4e-06,4.29e-06,669900.80255749
