1545177600000,0.00099,0.001,0.00093,0.001,1494.85197558
1545264000000,0.0009899,0.0009899,0.00075,0.00083707,617.2872298
1545350400000,0.00084293,0.000949,0.00024,0.00081722,1164.26916792
1545436800000,0.0008046,0.0008046,0.00072234,0.00073,87.32250646
1545523200000,0.00078962,0.00084538,0.00072233,0.00083041,1521.11794496
1545609600000,0.00081873,0.00081873,0.00072235,0.00077701,549.82358281
1545696000000,0.00077702,0.00083163,0.00072234,0.00077696,180.07874669
1545782400000,0.00080126,0.00082998,0.000606,0.0007524,420.92006341
1545868800000,0.00076989,0.00079999,0.00065952,0.00075828,77.14557804
1545955200000,0.00076137,0.00077,0.000606,0.00068218,218.02080282
1546041600000,0.00072399,0.0008,0.00070002,0.00072498,1178.78268531
1546128000000,0.00072497,0.0007459,0.00060901,0.00066001,290.10666906
1546214400000,0.000664,0.000664,0.0006101,0.0006486,620.94637887
1546300800000,0.0006174,0.0006486,0.0006101,0.00064858,137.66120849
1546387200000,0.00064858,0.00073,0.00062888,0.00067114,754.02247515
1546473600000,0.00071691,0.00071958,0.00063501,0.00070794,118.31892767
1546560000000,0.00067941,0.000707,0.00065001,0.00065001,104.86557875
1546646400000,0.00070698,0.00070699,0.00065001,0.00069012,267.85828421
1546732800000,0.00069702,0.00070793,0.00065006,0.000707,365.48027454
1546819200000,0.00070699,0.00070742,0.0007,0.00070001,2669.00055915
1546905600000,0.0007,0.00072699,0.00065699,0.00071148,270.22017261
1546992000000,0.00071148,0.00072696,0.00066457,0.00072609,95.24576987
1547078400000,0.00071326,0.00079167,0.00070223,0.00073026,431.5873642
1547164800000,0.00075718,0.0008,0.00073028,0.0007573,359.28228577
1547251200000,0.00077623,0.00082929,0.00077623,0.00082513,181.2799131
1547337600000,0.00082971,0.00084536,0.00076002,0.00080338,287.82770752
1547424000000,0.00082513,0.00084537,0.00076003,0.00081999,104.60317401
1547510400000,0.00080807,0.000988,0.0007902,0.00088725,1812.61100352
1547596800000,0.00088726,0.00090656,0.00083592,0.00087967,526.15777967
1547683200000,0.000836,0.00090245,0.000836,0.00088014,890.56040253
1547769600000,0.000901,0.00098869,0.00088031,0.0009225,1073.03311093
1547856000000,0.00090256,0.00093,0.00088,0.00092559,882.34641921
1547942400000,0.00088223,0.0009256,0.00086002,0.00092558,133.65496276
1548028800000,0.00088926,0.0009256,0.0008365,0.00088011,735.62489841
1548115200000,0.00092559,0.00092559,0.00086006,0.00090999,850.82106321
1548201600000,0.00091473,0.00109,0.00091473,0.00092501,707.1404024
1548288000000,0.00092501,0.00101837,0.00092501,0.00101,131.73128469
1548374400000,0.00100036,0.00101837,0.00092943,0.00095306,600.47267291
1548460800000,0.00100999,0.00101,0.0009542,0.00095421,171.1850507
1548547200000,0.00100998,0.00100998,0.00094743,0.00099998,23.39082863
1548633600000,0.00094468,0.00099992,0.00092528,0.00097996,20.95315554
1548720000000,0.00099996,0.00099996,0.00092603,0.00098,119.94886825
1548806400000,0.00095318,0.00098835,0.00092605,0.00097514,5.43050549
1548892800000,0.00098999,0.00099992,0.00091503,0.000996,128.8440057
1548979200000,0.00097924,0.00100502,0.00090229,0.00095591,1222.7900562
1549065600000,0.00097402,0.00103093,0.00097402,0.0010304,4020.17855104
1549152000000,0.00102971,0.00109408,0.00100443,0.0010099,928.19200487
1549238400000,0.00105561,0.0010609,0.0009113,0.000996,794.47572391
1549324800000,0.000996,0.00104112,0.00090858,0.00093626,461.42920621
1549411200000,0.00094002,0.001036,0.00094002,0.00099036,158.21526475
1549497600000,0.00102,0.00103535,0.00093629,0.00093629,105.162391
1549584000000,0.00097011,0.00102375,0.00097004,0.00101726,59.30021515
1549670400000,0.00101726,0.00101726,0.00088181,0.00099287,364.89232855
1549756800000,0.00099101,0.00100998,0.000944,0.00097733,823.9261514
1549843200000,0.00096872,0.00096872,0.00093773,0.0009676,68.41496656
1549929600000,0.00096759,0.00099381,0.00096133,0.00099381,22.48754145
1550016000000,0.00100278,0.00100999,0.00096116,0.0009733,356.58807125
1550102400000,0.0009733,0.00107,0.00096115,0.00103041,2355.38986887
1550188800000,0.00101448,0.001094,0.000999,0.00101449,1622.08866322
1550275200000,0.0010075,0.00100949,0.0009612,0.000993,229.53091621
1550361600000,0.00099365,0.001094,0.00099349,0.00101328,323.81850255
1550448000000,0.00101394,0.00101396,0.00096398,0.00099618,60.37525894
1550534400000,0.00096205,0.00098617,0.00092846,0.000951,889.39459847
1550620800000,0.00097393,0.00097393,0.00092222,0.00096437,2131.13440258
1550707200000,0.0009568,0.00095889,0.00092499,0.00092551,312.62480321
1550793600000,0.00092438,0.00094519,0.00090301,0.00090301,72.42718507
1550880000000,0.00092951,0.00094944,0.000903,0.0009317,74.19268196
1550966400000,0.00094179,0.00094179,0.000903,0.00091248,3596.15694689
1551052800000,0.00090302,0.00094302,0.00090302,0.00092476,154.94974061
1551139200000,0.00091553,0.001,0.0009,0.00092253,1008.65902614
1551225600000,0.00095057,0.00153835,0.00095057,0.0010923,4208.89185827
1551312000000,0.0011131,0.00119995,0.00105827,0.00110003,3775.80605341
1551398400000,0.00111295,0.00119303,0.00110003,0.00118149,1049.66138792
1551484800000,0.00118454,0.00126929,0.001169,0.00119006,252.89724009
1551571200000,0.00119198,0.001399,0.001169,0.00129011,791.04308071
1551657600000,0.00126571,0.00138,0.00116905,0.00123996,670.91222486
1551744000000,0.001215,0.00131999,0.0011692,0.00124878,260.34091983
1551830400000,0.0012,0.00129,0.0012,0.00123867,608.17188776
1551916800000,0.00122741,0.001298,0.00121001,0.0012854,248.60798655
1552003200000,0.0012854,0.00135284,0.00124161,0.00129171,363.05695214
1552089600000,0.00129172,0.00136496,0.00121001,0.00128,310.67828782
1552176000000,0.00128,0.00140875,0.00127645,0.00134041,577.15019159
1552262400000,0.00134041,0.00142551,0.00127648,0.00135013,721.61111523
1552348800000,0.00138784,0.00142,0.00134182,0.00141712,566.52219974
1552435200000,0.00140015,0.00142,0.00128084,0.00137998,815.3890127
1552521600000,0.00140997,0.00142,0.00124981,0.00139804,434.28042591
1552608000000,0.00139475,0.00156,0.0013015,0.00135196,1276.21375426
1552694400000,0.00135196,0.00140031,0.00133127,0.00136372,63.89503866
1552780800000,0.001354,0.00137146,0.0013035,0.00134021,118.12627685
1552867200000,0.00134099,0.0014331,0.0013035,0.00137266,867.46633223
1552953600000,0.00136514,0.00137303,0.00132457,0.00132457,1272.85516167
1553040000000,0.00131003,0.00132641,0.001302,0.00132251,54.96954369
1553126400000,0.00132251,0.00172328,0.00132251,0.00169695,6227.74109039
1553212800000,0.00161134,0.00219999,0.00154671,0.00196832,6875.93828085
1553299200000,0.00199256,0.00225089,0.00179,0.00186583,2527.55337393
1553385600000,0.00185652,0.00204702,0.00176,0.0018128,1333.07858893
1553472000000,0.00186121,0.00225088,0.00185597,0.00185599,1315.83627705
1553558400000,0.00181111,0.00215699,0.00177353,0.00215257,3621.77036197
1553644800000,0.00215258,0.00255999,0.0020165,0.00219241,6197.94341474
1553731200000,0.00219623,0.0022287,0.00193512,0.00202797,4655.78266585
1553817600000,0.00203946,0.00210181,0.0018999,0.0018999,728.34543266
1553904000000,0.00195343,0.00209252,0.00181,0.00204999,1215.44006002
1553990400000,0.00203198,0.00219999,0.00187897,0.00198557,1722.77632808
1554076800000,0.00196779,0.00219798,0.00196779,0.00215749,2449.27882189
1554163200000,0.00211003,0.00219999,0.00185824,0.0019346,1777.89268951
1554249600000,0.00194,0.00279,0.00193701,0.00216919,3674.68565199
1554336000000,0.00219238,0.00219455,0.00193701,0.00207948,854.63167537
1554422400000,0.00201636,0.00206343,0.001937,0.001937,1525.99817777
1554508800000,0.001937,0.00197296,0.001804,0.0018237,958.90701547
1554595200000,0.00180401,0.001907,0.00180001,0.00187542,533.86668107
1554681600000,0.00189267,0.0019698,0.0018,0.00190083,149.08014223
1554768000000,0.00188441,0.00188441,0.00172483,0.00177955,270.15055052
1554854400000,0.00177954,0.00181468,0.00160523,0.00170841,272.20246741
1554940800000,0.00165148,0.00177021,0.00144272,0.00169185,1472.26665437
1555027200000,0.00168489,0.00173941,0.00167962,0.0017,112.587389
1555113600000,0.00171171,0.00171513,0.00161134,0.00165956,43.29228156
1555200000000,0.00162634,0.00169418,0.00162634,0.00164401,67.74567625
1555286400000,0.00164401,0.00171014,0.00164,0.00171014,388.162816
1555372800000,0.00171015,0.00188,0.001705,0.0017566,543.4790262
1555459200000,0.00186208,0.00186734,0.00167083,0.00173957,296.13769736
1555545600000,0.00173883,0.00180131,0.00166835,0.00175175,231.14041121
1555632000000,0.00178599,0.00178599,0.00165023,0.00172854,102.04117643
1555718400000,0.00172852,0.00176982,0.00165002,0.00170001,156.83378492
1555804800000,0.00170003,0.00178575,0.0017,0.00177492,135.42101948
1555891200000,0.0017868,0.00178686,0.00155,0.00172578,252.99014403
1555977600000,0.00161622,0.00174193,0.00155,0.00170122,686.75385702
1556064000000,0.0017039,0.00179455,0.00164,0.00164,311.56745152
1556150400000,0.00166132,0.00172677,0.00162,0.00166001,103.96472423
1556236800000,0.00166129,0.00172669,0.00162513,0.00166831,118.89173746
1556323200000,0.00166831,0.00169867,0.0015817,0.00169439,135.74431239
1556409600000,0.00167755,0.0018,0.001412,0.00164081,431.81101257
1556496000000,0.0016984,0.00176325,0.00160601,0.00166107,236.75376621
1556582400000,0.00166107,0.00166107,0.0015853,0.00166106,14.41077836
1556668800000,0.00163991,0.00168641,0.0015,0.00168,129.61907745
1556755200000,0.0016864,0.00171981,0.00163879,0.0017,3774.99830505
1556841600000,0.00172641,0.00181345,0.00166169,0.00176671,279.31235424
1556928000000,0.00177668,0.00180217,0.00169102,0.00176929,1084.71471976
1557014400000,0.00176911,0.00178282,0.00165754,0.00165754,279.37580678
1557100800000,0.00168644,0.00181155,0.0015,0.00174966,1972.10778638
1557187200000,0.0017956,0.0017956,0.0017015,0.0017015,439.59050836
1557273600000,0.0017015,0.00172061,0.00163156,0.00167354,1032.31473108
1557360000000,0.00167356,0.00167356,0.00158703,0.00161145,1178.20012866
1557446400000,0.00161886,0.00162,0.00152878,0.00153287,745.17146892
1557532800000,0.00158388,0.00169892,0.0012,0.00146048,1788.38945766
1557619200000,0.00152959,0.00159999,0.00141914,0.00146582,1015.39767431
1557705600000,0.00146582,0.00152466,0.0013888,0.00139419,69.83093885
1557792000000,0.00138873,0.00138873,0.00095,0.00123413,686.052676
1557878400000,0.00117304,0.0013,0.00113281,0.00122101,872.68229331
1557964800000,0.00119413,0.0013,0.00111458,0.00115942,1040.39391559
1558051200000,0.0011594,0.00119199,0.00103046,0.00106761,459.2986438
1558137600000,0.00106761,0.001131,0.00105776,0.00105807,98.30578954
1558224000000,0.00105807,0.00107802,0.00091222,0.00093644,467.59380476
1558310400000,0.00093617,0.00100588,0.00091222,0.00093193,203.74439447
1558396800000,0.00098482,0.00101662,0.00094077,0.00101662,207.29690693
1558483200000,0.00102052,0.00107568,0.00098201,0.00102206,296.52488415
1558569600000,0.00107449,0.00115872,0.00100585,0.00113776,318.37614667
1558656000000,0.00105764,0.00119204,0.00101192,0.00117663,77.1620934
1558742400000,0.00112535,0.00117664,0.00100201,0.00112423,161.00376308
1558828800000,0.00112728,0.0012054,0.00105663,0.00114678,284.16273254
1558915200000,0.00117428,0.00132318,0.00102021,0.00111864,2361.22913564
1559001600000,0.00111,0.00115395,0.0010671,0.0010671,553.52461214
1559088000000,0.00106449,0.00109355,0.001002,0.00100212,492.68080663
1559174400000,0.00100212,0.00120783,0.001002,0.00105836,861.25645228
1559260800000,0.00102416,0.00106266,0.00101884,0.00106266,122.03208832
1559347200000,0.00104486,0.00106382,0.0010123,0.00106382,40.89016489
1559433600000,0.00104639,0.001059,0.00100344,0.001059,36.9497989
1559520000000,0.001059,0.00110708,0.001015,0.00102706,251.86565835
1559606400000,0.00102706,0.001172,0.001011,0.00104526,873.8072374
1559692800000,0.001011,0.00104512,0.00100205,0.001042,155.22965
1559779200000,0.001042,0.0010579,0.00102107,0.00102113,30.06142471
1559865600000,0.00104034,0.00104034,0.00100205,0.00100208,46.59739257
1559952000000,0.0010208,0.0010208,0.00079899,0.0008498,2892.21329751
1560038400000,0.00083437,0.0009235,0.00078001,0.00080002,2047.56998749
1560124800000,0.00081695,0.00090549,0.00079044,0.00087426,1941.52996326
1560211200000,0.000905,0.00095098,0.00085901,0.00092533,868.84816798
1560297600000,0.00093084,0.00096307,0.00089612,0.00094654,771.68030233
1560384000000,0.00095512,0.0013664,0.00091093,0.00105635,3554.75392782
1560470400000,0.0010588,0.00119412,0.0009101,0.00101878,1075.65523843
1560556800000,0.00102035,0.00102035,0.00093726,0.00093726,526.36232162
1560643200000,0.00094055,0.00101424,0.00083572,0.00087629,1215.06068141
1560729600000,0.00085508,0.00096397,0.00083511,0.00086073,1012.66540158
1560816000000,0.00088317,0.00093449,0.00087562,0.0009119,178.83765577
1560902400000,0.00086684,0.00099705,0.00077867,0.00091204,740.34429386
1560988800000,0.00091204,0.00091998,0.00084522,0.00088786,369.92008103
1561075200000,0.00086915,0.00086923,0.00079318,0.00082352,230.48627152
1561161600000,0.00079507,0.00079809,0.00072,0.00075256,253.3045985
1561248000000,0.0007192,0.00072898,0.00061323,0.00067008,1801.90044258
1561334400000,0.00067008,0.00071043,0.00059382,0.00061999,371.12935389
1561420800000,0.00061999,0.00061999,0.00057046,0.00057992,299.99547753
1561507200000,0.00056005,0.00057978,0.00050451,0.00052737,2426.54982358
1561593600000,0.00050783,0.00055648,0.00050552,0.00055648,1068.51606397
1561680000000,0.00055656,0.00065671,0.00055648,0.00055648,467.42588282
1561766400000,0.00055648,0.00058829,0.00055648,0.00057572,96.73950015
1561852800000,0.0005727,0.00057841,0.00055765,0.00057585,61.99037129
1561939200000,0.0005756,0.00061325,0.00055648,0.00061151,1520.09839061
1562025600000,0.000605,0.00064535,0.00057391,0.00057391,893.27895465
1562112000000,0.00055665,0.00061031,0.00050507,0.00056728,1415.90086435
1562198400000,0.00053998,0.00054993,0.0004777,0.00051441,5669.24894954
1562284800000,0.00053059,0.00057305,0.00050849,0.00057155,666.58593505
1562371200000,0.00053251,0.00054778,0.00051779,0.00051779,69.37754684
1562457600000,0.00054773,0.00054998,0.00051814,0.00053125,116.66881537
1562544000000,0.00053232,0.00056459,0.00051015,0.00051015,313.14430584
1562630400000,0.00051015,0.00061566,0.00042106,0.00054891,1578.45709987
1562716800000,0.00054922,0.00055477,0.00048531,0.00049982,247.87907899
1562803200000,0.00052557,0.00052557,0.00048579,0.00052366,98.29479781
1562889600000,0.00052335,0.00058027,0.0005,0.00055556,648.76102821
1562976000000,0.00052109,0.00052109,0.00052109,0.00052109,1.68091885
1563062400000,0.00052108,0.00057862,0.00052107,0.0005445,445.66689897
1563148800000,0.00056907,0.00061518,0.00052167,0.0006059,624.77426222
1563235200000,0.0006059,0.00061501,0.0005781,0.00061198,502.63223282
1563321600000,0.00061199,0.000612,0.000581,0.000612,53.14764067
1563408000000,0.000612,0.000643,0.000581,0.0006087,221.09660265
1563494400000,0.0006204,0.00063263,0.00061547,0.00062375,597.97401592
1563580800000,0.00062375,0.00063031,0.00058622,0.0006282,188.50410106
1563667200000,0.00062967,0.00063004,0.00058282,0.0006,107.95749347
1563753600000,0.0006,0.00061734,0.00058282,0.00058282,136.76516499
1563840000000,0.00058282,0.00063263,0.00058282,0.00063263,482.00478429
1563926400000,0.00058817,0.000643,0.00058817,0.0006254,699.35895418
1564012800000,0.00060908,0.00062539,0.00060884,0.00062531,95.46722924
1564099200000,0.00062529,0.0006254,0.00060893,0.00061978,243.31573276
1564185600000,0.00061979,0.0006254,0.0006089,0.0006089,215.49811659
1564272000000,0.00060217,0.00063139,0.00060217,0.00063134,79.61078022
1564358400000,0.00063134,0.00065363,0.00060217,0.00060222,451.386788
1564444800000,0.00064125,0.00064125,0.00059,0.00059864,114.73710891
1564531200000,0.00060721,0.00062651,0.00058282,0.00058282,91.71269075
1564617600000,0.00060229,0.000678,0.000581,0.00064128,1929.08940609
1564704000000,0.00064271,0.00066389,0.00061327,0.00063391,560.36020463
1564790400000,0.00061328,0.00063,0.00060004,0.00060004,102.06435636
1564876800000,0.00060948,0.00063,0.000581,0.000581,45.19370239
1564963200000,0.00058101,0.00060978,0.00056673,0.00060009,824.95839865
1565049600000,0.00059612,0.00059613,0.00056673,0.00056673,366.34457177
1565136000000,0.00058736,0.00059151,0.00047706,0.00049303,2952.83333787
1565222400000,0.00048001,0.00051898,0.00043001,0.00045483,2918.65964847
1565308800000,0.0004322,0.00044682,0.00043,0.00043,4538.33219505
1565395200000,0.00043198,0.00046515,0.00043,0.0004532,1076.32033277
1565481600000,0.00045649,0.00045649,0.00043,0.00045641,156.36692681
1565568000000,0.00045642,0.00048776,0.00045602,0.00045631,964.08077291
1565654400000,0.00045632,0.0005398,0.00045631,0.00048905,1429.34112394
1565740800000,0.00049389,0.00051928,0.00048903,0.00048903,33.92311884
1565827200000,0.00048587,0.00048587,0.00045854,0.0004848,42.48927772
1565913600000,0.00048722,0.00050236,0.00048722,0.00050232,5.36229602
1566000000000,0.00049651,0.00051767,0.00047257,0.00051767,65.33545605
1566086400000,0.00046982,0.00051958,0.00045849,0.00048797,574.88701356
1566172800000,0.0004597,0.00055045,0.00043751,0.0004898,6745.15869562
1566259200000,0.00049784,0.00051765,0.00043751,0.00049856,856.59114027
1566345600000,0.00046687,0.00050192,0.00046686,0.00048014,230.15737675
1566432000000,0.000485,0.00049898,0.0004321,0.00047972,415.24209535
1566518400000,0.00047965,0.00047996,0.0004578,0.00047996,77.61377185
1566604800000,0.00047996,0.00049375,0.0004442,0.0004856,125.90889541
1566691200000,0.0004856,0.0004856,0.0004707,0.0004707,40.27366255
1566777600000,0.0004855,0.0004855,0.00044,0.00046491,77.12008551
1566864000000,0.00046873,0.0004856,0.00045473,0.00046881,105.76019363
1566950400000,0.00046877,0.0004856,0.00041142,0.00042554,5300.72046907
1567036800000,0.00042553,0.00048755,0.00042553,0.0004838,513.37275176
1567123200000,0.00047999,0.0004858,0.000462,0.00047618,437.96391851
1567209600000,0.00047613,0.00048311,0.000472,0.00048311,37.20492879
1567296000000,0.00048497,0.00048498,0.00044999,0.00048407,428.26818671
1567382400000,0.00045334,0.00048403,0.00043735,0.00043735,62.03261527
1567468800000,0.0004528,0.00046209,0.000438,0.000455,49.81567371
1567555200000,0.00045499,0.00049374,0.00045499,0.00048875,136.63951961
1567641600000,0.00047633,0.000489,0.000433,0.000433,131.52380556
1567728000000,0.00043301,0.0004628,0.00043301,0.000444,40.65058948
1567814400000,0.00046205,0.00047205,0.00046007,0.00046007,46.20907139
1567900800000,0.00046006,0.000489,0.00046,0.000489,205.30944145
1567987200000,0.00046048,0.00048944,0.000457,0.00047372,151.44103399
1568073600000,0.00047985,0.00048223,0.00047983,0.00048146,19.81956472
1568160000000,0.000466,0.00047998,0.000415,0.00044933,404.64594671
1568246400000,0.00045944,0.00045944,0.00044936,0.00044938,58.27375458
1568332800000,0.00044934,0.00045955,0.000412,0.00043992,82.91148899
1568419200000,0.00046193,0.00046193,0.00045324,0.00045324,10.98748456
1568505600000,0.00045274,0.0004628,0.0004112,0.00045,118.66554559
1568592000000,0.00045,0.00048223,0.00042615,0.00044746,121.97301922
1568678400000,0.00042971,0.00047673,0.00042678,0.00047,113.89270406
1568764800000,0.00046825,0.00047877,0.00045589,0.00047877,230.78966017
1568851200000,0.00047877,0.00047877,0.00047622,0.00047622,52.67734823
1568937600000,0.00047622,0.00047848,0.00045557,0.00046226,154.30025703
1569024000000,0.00047877,0.00047877,0.00045561,0.00047187,56.9705581
1569110400000,0.00047109,0.00047836,0.00046038,0.00047836,48.04642721
1569196800000,0.00047833,0.00047836,0.000457,0.00047001,32.57053088
1569283200000,0.00047834,0.00052457,0.00046705,0.00049843,406.53509067
1569369600000,0.00048231,0.000545,0.00046694,0.00052634,1525.20563329
1569456000000,0.00050668,0.00061276,0.00050626,0.00055513,508.10983425
1569542400000,0.00058957,0.00061795,0.00053287,0.00055473,1152.04317267
1569628800000,0.00054,0.0005837,0.00053648,0.0005477,78.39665072
1569715200000,0.0005477,0.00056999,0.00048835,0.00053325,172.11479527
1569801600000,0.00053063,0.00054819,0.00046521,0.0005161,188.13746058
1569888000000,0.00054793,0.00058001,0.00051599,0.00055,123.6126531
1569974400000,0.00056374,0.00059482,0.00052,0.00054142,211.02916637
1570060800000,0.00056099,0.00061544,0.00055037,0.00058821,151.06948352
1570147200000,0.00060499,0.00064265,0.00059,0.00064265,518.65415605
1570233600000,0.00064266,0.00064266,0.00058626,0.00064003,24.2585607
1570320000000,0.00061944,0.00064992,0.00061944,0.00064048,81.69539633
1570406400000,0.000648,0.00065601,0.00061239,0.00065601,112.45444483
1570492800000,0.00065235,0.00069948,0.00065235,0.00068903,738.56817293
1570579200000,0.0006983,0.00075,0.00064268,0.00065328,907.42095322
1570665600000,0.00065085,0.00069059,0.00063856,0.00066185,379.40527346
1570752000000,0.00064379,0.00068999,0.0006436,0.00067597,205.16300636
1570838400000,0.00067092,0.00067598,0.0006437,0.000675,225.4768131
1570924800000,0.00067486,0.000675,0.00065001,0.000675,77.27528034
1571011200000,0.00064939,0.000675,0.0006436,0.00067161,198.21060745
1571097600000,0.00067176,0.00067472,0.00065832,0.00067472,101.66850767
1571184000000,0.00065906,0.00066777,0.00056546,0.00063665,531.22051707
1571270400000,0.00060285,0.00064,0.00058848,0.00058848,67.90162438
1571356800000,0.00062231,0.00062231,0.00049,0.0005177,1680.18241862
1571443200000,0.00049034,0.00065173,0.00049001,0.00053563,5124.75579445
1571529600000,0.00052445,0.00053679,0.00050398,0.00050399,1475.24248681
1571616000000,0.00051592,0.00051593,0.00044533,0.00048255,3761.59232232
1571702400000,0.00048049,0.00048417,0.000455,0.00046,971.4472138
1571788800000,0.00045028,0.00049999,0.00045028,0.00046504,718.46379193
1571875200000,0.00046397,0.00051577,0.00046017,0.00046017,291.84979871
1571961600000,0.00046016,0.0004952,0.0004501,0.0004501,537.21532197
1572048000000,0.00045101,0.00045101,0.00037225,0.00040195,3051.74591127
1572134400000,0.000401,0.00040539,0.00037449,0.0004,315.09901874
1572220800000,0.00040539,0.00040539,0.00037117,0.00040539,319.8901904
1572307200000,0.0003748,0.0004054,0.00037375,0.00040372,537.75107986
1572393600000,0.00039241,0.00058,0.000391,0.00047297,91424.20184616
1572480000000,0.00048297,0.00078,0.000473,0.000677,340875.21848759
1572566400000,0.000677,0.00072999,0.00054926,0.00058627,3060.78279616
1572652800000,0.00059478,0.00059823,0.00053766,0.00055118,1003.09182866
1572739200000,0.00055118,0.00056461,0.00049682,0.00052861,1026.6630988
1572825600000,0.00052861,0.0006,0.00052001,0.00055458,344.82368873
1572912000000,0.00055457,0.00062529,0.00055001,0.00056606,595.2793394
1572998400000,0.00059295,0.00059295,0.00055001,0.00056762,464.54146022
1573084800000,0.00056762,0.00066,0.00056762,0.00066,997.17105213
1573171200000,0.00065999,0.000857,0.00063155,0.00077,6924.96189408
1573257600000,0.00077,0.00085734,0.00074127,0.00083855,3142.33930743
1573344000000,0.00085479,0.00088999,0.00079998,0.00085432,938.7578437
1573430400000,0.00085226,0.00091486,0.00083425,0.000905,1018.1266304
1573516800000,0.00090499,0.0009463,0.00085354,0.00085354,902.61676494
1573603200000,0.00083802,0.00093401,0.00083751,0.00088863,3422.0823183
1573689600000,0.00086192,0.00089658,0.00083751,0.00087994,2424.03035247
1573776000000,0.0008777,0.00090026,0.00085329,0.0009,2931.18810878
1573862400000,0.0009,0.0009,0.00086516,0.00088898,265.96362111
1573948800000,0.00088893,0.00088899,0.00086115,0.00088886,91.04211687
1574035200000,0.00088884,0.00093737,0.00086733,0.00091,204.71422851
1574121600000,0.00093,0.00096554,0.00090004,0.00094502,730.14789015
1574208000000,0.00095811,0.000977,0.00086665,0.000977,2714.73983772
1574294400000,0.000977,0.00098804,0.00090555,0.00092072,856.57472985
1574380800000,0.00091988,0.00095393,0.00082001,0.00084634,285.09671793
1574467200000,0.00084633,0.00088608,0.00083968,0.00086306,167.43783118
1574553600000,0.00085117,0.00087212,0.0008397,0.00085376,118.96709819
1574640000000,0.00085399,0.00086119,0.00073872,0.00075,1374.58311651
1574726400000,0.00074676,0.00078732,0.000708,0.00074997,1057.70296013
1574812800000,0.0007488,0.00087293,0.00073662,0.00085463,1222.8035692
1574899200000,0.00086307,0.00089492,0.00082,0.00084446,1069.38012953
1574985600000,0.0008469,0.0009568,0.00082142,0.00088041,1191.117845
1575072000000,0.00088073,0.00090697,0.00079761,0.00081321,816.60993404
1575158400000,0.00081321,0.00090193,0.000799,0.00082317,1337.42047436
1575244800000,0.00082142,0.0008895,0.00081077,0.00087,1405.1637547
1575331200000,0.00087019,0.00087019,0.00080005,0.000815,1362.02419707
1575417600000,0.000815,0.00082296,0.00075034,0.00080998,562.65445156
1575504000000,0.00076466,0.00082,0.00074167,0.00077441,502.57113341
1575590400000,0.00077426,0.00082,0.0007495,0.00082,225.86127256
1575676800000,0.00078604,0.0009014,0.00078604,0.00087896,1687.02437131
1575763200000,0.00087896,0.00092986,0.000873,0.000873,16.48417248
1575849600000,0.00090247,0.00093442,0.00084122,0.00090177,227.47796916
1575936000000,0.00088983,0.00093442,0.00088631,0.00093429,184.67157512
1576022400000,0.0009057,0.00093247,0.00090512,0.00093247,439.41160726
1576108800000,0.00092198,0.00094993,0.00083303,0.00093757,235.23044062
1576195200000,0.00093363,0.00094893,0.00084079,0.00090478,251.56594107
1576281600000,0.00092544,0.00093999,0.00084069,0.00089833,562.866206
1576368000000,0.00089833,0.00091117,0.00085,0.00090625,372.50756904
1576454400000,0.00090418,0.00090418,0.00079012,0.00087621,101.89367845
1576540800000,0.00085461,0.00085461,0.00079011,0.00079046,305.02792736
1576627200000,0.00082317,0.00084809,0.00079001,0.00079001,558.47920449
1576713600000,0.00079002,0.0008341,0.00079001,0.00081755,364.64374288
1576800000000,0.00079004,0.00082043,0.00079,0.00081565,518.95694338
1576886400000,0.00081973,0.000833,0.00080855,0.000833,277.92285463
1576972800000,0.00083,0.00087999,0.00080001,0.00087999,179.25699494
1577059200000,0.0008759,0.00092977,0.00082286,0.00082286,64.75906268
1577145600000,0.0008767,0.00091977,0.00082286,0.00087419,59.03551841
1577232000000,0.00087415,0.00091525,0.00087415,0.00090535,42.15680809
1577318400000,0.00089268,0.00089941,0.00085114,0.00089938,23.44236267
1577404800000,0.00086338,0.00086338,0.00084763,0.00086338,81.74792346
1577491200000,0.00086339,0.00088672,0.00086339,0.00088672,13.38233815
1577577600000,0.00084983,0.00092978,0.00084983,0.00092978,32.28895692
1577664000000,0.00092999,0.00102001,0.00086342,0.00087,1267.95448874
1577750400000,0.00087331,0.00088926,0.00087331,0.00088926,358.66945785
1577836800000,0.00088999,0.00088999,0.00088917,0.00088917,15.32819211
1577923200000,0.00088899,0.00091812,0.00088401,0.00091675,20.68508163
1578009600000,0.00090859,0.00091127,0.00088401,0.00091127,136.85848137
1578096000000,0.00091144,0.00091165,0.000908,0.00090891,16.19950644
1578182400000,0.00091131,0.00091131,0.00091131,0.00091131,0.55
1578268800000,0.00091,0.00091,0.00089229,0.00090934,20.05163631
1578355200000,0.00088999,0.00088999,0.00084001,0.00084001,210.25655975
1578441600000,0.00084001,0.00088874,0.00084,0.00084056,618.06516179
1578528000000,0.00084056,0.00087005,0.00084001,0.00087005,86.47527313
1578614400000,0.00084003,0.00092554,0.00084,0.000888,153.10537858
1578700800000,0.00089268,0.00090676,0.00084,0.00087298,213.78605758
1578787200000,0.00086999,0.00090399,0.0008302,0.00086826,639.1584535
1578873600000,0.00089893,0.00089893,0.00077487,0.00079993,1298.18311854
1578960000000,0.00079552,0.00079552,0.000709,0.00070901,994.60135945
1579046400000,0.00070901,0.00074186,0.00070005,0.00071079,422.68944437
1579132800000,0.00071434,0.00072993,0.00065671,0.00072843,627.25080209
1579219200000,0.00072475,0.00072475,0.00065603,0.00067,523.55940729
1579305600000,0.00068142,0.00071999,0.00065687,0.00069028,93.49884983
1579392000000,0.00071048,0.00074161,0.00067951,0.00072713,313.57166644
1579478400000,0.00074111,0.00075657,0.00067088,0.00073642,174.78054267
1579564800000,0.00073788,0.00074741,0.00068296,0.00074741,71.30182462
1579651200000,0.00074,0.00074,0.00068021,0.00071999,86.6027677
1579737600000,0.00072407,0.00072407,0.00072101,0.00072382,17.23380768
1579824000000,0.00070203,0.00071999,0.0006844,0.00071999,44.31843085
1579910400000,0.00071968,0.00071969,0.00068443,0.00068443,46.47530825
1579996800000,0.00070135,0.00071966,0.00068999,0.00068999,6.53008742
1580083200000,0.00071888,0.00071888,0.00066001,0.00067999,532.52837468
1580169600000,0.00067899,0.00067999,0.00066,0.00066,177.82521222
1580256000000,0.00066001,0.00067401,0.000625,0.00062501,355.07898476
1580342400000,0.00066807,0.00066807,0.00062528,0.00065001,12.94297278
1580428800000,0.00064334,0.00064334,0.00055252,0.00061263,323.60298666
1580515200000,0.00062078,0.00062814,0.00058003,0.00061593,59.21333146
1580601600000,0.00062129,0.00062966,0.00061028,0.00061869,108.40338095
1580688000000,0.00060988,0.0006264,0.00059001,0.0006264,61.78286477
1580774400000,0.0006264,0.0006264,0.00058128,0.0006084,210.57134141
1580860800000,0.0006084,0.000614,0.00058142,0.00061292,153.07713716
1580947200000,0.0006129,0.00061291,0.00058332,0.00058332,104.70926659
1581033600000,0.0005992,0.0006126,0.00058512,0.00058999,391.20411515
1581120000000,0.00058591,0.00059694,0.0005012,0.00053757,1421.70165664
1581206400000,0.00053757,0.0005381,0.00050105,0.0005015,913.01877488
1581292800000,0.0005015,0.00053395,0.0005015,0.00052787,1190.29947587
1581379200000,0.00052787,0.00052974,0.00048007,0.00049999,767.95279416
1581465600000,0.00049854,0.00050735,0.00049854,0.00050663,1316.5655677
1581552000000,0.00050664,0.00051519,0.00050664,0.00051509,186.42734298
1581638400000,0.00051509,0.00051546,0.00049269,0.00049456,332.60434597
1581724800000,0.00049456,0.00052198,0.00049456,0.00051803,293.54728095
1581811200000,0.00051203,0.00051633,0.000491,0.00051195,145.56400292
1581897600000,0.00049635,0.0005171,0.00049115,0.00051396,40.44710353
1581984000000,0.00050219,0.00051397,0.00048715,0.00048968,300.4739357
1582070400000,0.00049646,0.00058231,0.00049565,0.00055623,1007.06107084
1582156800000,0.00055076,0.0012034,0.00051982,0.00102548,10838.47771693
1582243200000,0.00105362,0.00121197,0.00095215,0.00104971,3298.03270796
1582329600000,0.00105091,0.0011213,0.00095208,0.00096255,721.11792534
1582416000000,0.00096271,0.00105073,0.00089078,0.00091239,1410.07241319
1582502400000,0.00091242,0.00091246,0.00080285,0.00082532,1981.39110439
1582588800000,0.00082814,0.00101684,0.0008263,0.00095195,2632.57850301
1582675200000,0.00094599,0.00094599,0.00081345,0.00085,2003.21451198
1582761600000,0.00085001,0.00091545,0.0008472,0.00086,309.6573296
1582848000000,0.00086,0.00094599,0.00086,0.00094474,317.39625945
1582934400000,0.00093365,0.00103021,0.00092756,0.001,555.48408403
1583020800000,0.001,0.001085,0.00099049,0.00104385,2820.57585472
1583107200000,0.00104385,0.00104385,0.00100657,0.00103655,91.27836637
1583193600000,0.00103998,0.00110736,0.00103655,0.00109292,2071.75182106
1583280000000,0.00109999,0.00116,0.00108587,0.0011443,134.88877129
1583366400000,0.00113683,0.00115183,0.00112938,0.00113681,81.92650415
1583452800000,0.00113681,0.00113682,0.00111466,0.00113682,26.49999488
1583539200000,0.00113682,0.00114431,0.00108582,0.00109378,836.12368589
1583625600000,0.00109707,0.00110736,0.00100608,0.00105073,1021.13756651
1583712000000,0.00104699,0.00105764,0.0010235,0.0010366,118.76273478
1583798400000,0.00103948,0.00107051,0.00103948,0.00105,64.81096881
1583884800000,0.00103003,0.00108687,0.00101999,0.00102,1130.16312092
1583971200000,0.00103487,0.00107807,0.00090301,0.00090457,344.11184536
1584057600000,0.00096947,0.00115871,0.000903,0.00114371,1791.03957821
1584144000000,0.00114943,0.00119,0.00106162,0.00113126,98.98724219
1584230400000,0.00111875,0.00113202,0.00105824,0.00109213,108.87715338
1584316800000,0.00106746,0.00108979,0.001,0.001,283.83170851
1584403200000,0.00100072,0.00106748,0.00093642,0.0010445,351.77425881
1584489600000,0.00104451,0.00106777,0.00090306,0.00106777,548.62098252
1584576000000,0.00106778,0.0024099,0.00106778,0.00219506,4132.58808993
1584662400000,0.00220548,0.00235546,0.00201831,0.00201831,2592.64119876
1584748800000,0.00215117,0.00215553,0.00195642,0.00201,981.27057948
1584835200000,0.00199804,0.002077,0.00197101,0.00200367,1804.05212081
1584921600000,0.00202645,0.00202663,0.0018664,0.00194845,339.87824631
1585008000000,0.00194847,0.00195196,0.00184199,0.00194084,530.01026028
1585094400000,0.00194087,0.00204723,0.00186963,0.00204716,484.98896735
1585180800000,0.0020467,0.00268,0.0020467,0.00251922,1268.38847365
1585267200000,0.00251922,0.00266609,0.00237787,0.00244923,1892.13885019
1585353600000,0.00244923,0.00260176,0.00244923,0.00255706,1556.79651115
1585440000000,0.0025573,0.00285002,0.00239709,0.00255849,3398.34452165
1585526400000,0.002579,0.002579,0.0024,0.00244842,3343.13378619
1585612800000,0.00244578,0.00251691,0.00241899,0.00251351,1325.15451639
1585699200000,0.00251351,0.00261807,0.0024743,0.00247947,1414.13265411
1585785600000,0.00246828,0.00250118,0.00233,0.00235831,3370.552108
1585872000000,0.00237988,0.00263879,0.00235666,0.00247,879.93187747
1585958400000,0.00244437,0.00246909,0.00243251,0.00243704,435.29483258
1586044800000,0.00245563,0.00247686,0.00243251,0.00247686,161.58203992
1586131200000,0.00246567,0.00247504,0.00232658,0.00232971,941.40381827
1586217600000,0.00230805,0.00230805,0.0022118,0.0022887,3041.4412664
1586304000000,0.0022993,0.00236101,0.00223,0.0023004,1964.08591315
1586390400000,0.0022808,0.00235344,0.00224982,0.0023275,2235.59335874
1586476800000,0.00235121,0.00243188,0.00232749,0.002412,1482.29704157
1586563200000,0.00239027,0.00272482,0.00239027,0.00248999,2265.41846192
1586649600000,0.00248999,0.00251,0.00241001,0.00249873,276.46557113
1586736000000,0.00249873,0.00251,0.00241002,0.00251,1446.63257448
1586822400000,0.00251772,0.00258636,0.0025,0.00256191,790.73577636
1586908800000,0.00255055,0.00263004,0.0025474,0.00255335,840.06258042
1586995200000,0.00258183,0.00263361,0.00257581,0.00257582,362.39378832
1587081600000,0.00257581,0.0025885,0.00253621,0.0025885,107.46943488
1587168000000,0.0026065,0.00274749,0.0026065,0.00274749,187.39064785
1587254400000,0.00274749,0.00318772,0.00267224,0.00318772,459.43266866
1587340800000,0.00319418,0.00325777,0.00294549,0.00303489,3790.44782339
1587427200000,0.0030349,0.00325777,0.00292613,0.00306869,699.34695606
1587513600000,0.00308986,0.00311687,0.00303773,0.00303773,2197.21036626
1587600000000,0.00307973,0.00311655,0.00292001,0.00293999,628.2960827
1587686400000,0.00294006,0.00294006,0.00271193,0.00279803,375.99236816
1587772800000,0.00279377,0.00290256,0.00261928,0.00287136,143.24721523
1587859200000,0.00281066,0.00281581,0.00260724,0.00274166,314.68854949
1587945600000,0.00274166,0.00275884,0.00263632,0.00271663,210.20522081
1588032000000,0.00271663,0.00271663,0.00253961,0.00267098,1209.44610453
1588118400000,0.00268809,0.00268809,0.00258779,0.00259529,106.23264307
1588204800000,0.00261568,0.00264823,0.0023707,0.00244231,3332.23033049
1588291200000,0.00245387,0.0024815,0.00237069,0.00245,2459.90356538
1588377600000,0.00248139,0.0025374,0.00246061,0.00246061,1632.88433094
1588464000000,0.00246061,0.00246061,0.002298,0.00231131,1815.45148867
1588550400000,0.00234917,0.0025,0.00233428,0.002498,1102.92216951
1588636800000,0.002498,0.00264398,0.00243855,0.00264372,1068.47437083
1588723200000,0.00264372,0.00353355,0.00256364,0.00339999,2039.67208936
1588809600000,0.00339999,0.00358697,0.00292282,0.00312921,3056.44001214
1588896000000,0.00312811,0.00359745,0.00292282,0.00359745,1785.81743728
1588982400000,0.00336896,0.00351579,0.00332942,0.00351579,1088.61652446
1589068800000,0.00345899,0.00358,0.00329172,0.00355679,452.48120252
1589155200000,0.00346973,0.00359997,0.00301,0.00305501,2340.38714589
1589241600000,0.003054,0.00338631,0.00305354,0.00338631,2223.44379866
1589328000000,0.00331535,0.00334695,0.00305355,0.00310773,205.50413761
1589414400000,0.00310356,0.00311097,0.00271734,0.00294014,2474.4954521
1589500800000,0.00294014,0.00294269,0.0025,0.00279246,2334.79737304
1589587200000,0.00279241,0.00286999,0.00265924,0.00286999,249.85169013
1589673600000,0.00285157,0.00305001,0.00268132,0.00305001,221.88098003
1589760000000,0.00296912,0.00317628,0.00275312,0.00293905,157.63032065
1589846400000,0.00293873,0.00293873,0.00277904,0.00278901,52.66739949
1589932800000,0.00276232,0.00277305,0.00250501,0.00269998,363.1581382
1590019200000,0.00269998,0.00269998,0.0024335,0.002533,957.17292664
1590105600000,0.00252068,0.00291474,0.00249558,0.00291,237.53734015
1590192000000,0.0028661,0.00291401,0.00286477,0.00289765,137.77671654
1590278400000,0.00289763,0.00289765,0.00285,0.00285,174.34542687
1590364800000,0.00280222,0.00281939,0.0025664,0.00274976,829.19136713
1590451200000,0.00274975,0.00274975,0.0026042,0.00268167,142.45151531
1590537600000,0.002682,0.00274976,0.00268167,0.00268199,2204.82915479
1590624000000,0.00267435,0.00267436,0.00267434,0.00267434,52.94453873
1590710400000,0.00262439,0.0026244,0.00242795,0.00252449,62.04026582
1590796800000,0.00252449,0.0025245,0.00234001,0.00246982,1245.32838158
1590883200000,0.00246982,0.00252983,0.00238414,0.00249163,935.91529062
1590969600000,0.00250001,0.00253228,0.00224158,0.00230154,214.66050028
1591056000000,0.00230154,0.00259999,0.00220579,0.00241591,397.57481301
1591142400000,0.00237274,0.00266198,0.00237274,0.00244781,327.79864537
1591228800000,0.00244669,0.00265,0.0024442,0.00247663,98.95868392
1591315200000,0.0025042,0.002505,0.00250001,0.00250001,26.9934352
1591401600000,0.00250499,0.00254999,0.00250001,0.002525,57.22055366
1591488000000,0.00252498,0.00265,0.0025,0.00250163,156.35062983
1591574400000,0.00250163,0.00250165,0.00244225,0.0024911,136.27821793
1591660800000,0.0024911,0.00254629,0.00249102,0.002525,57.49188846
1591747200000,0.00250125,0.00265,0.00250124,0.00265,174.07006676
1591833600000,0.00265,0.00293,0.00257723,0.00259671,282.02353526
1591920000000,0.00263759,0.00266259,0.00262699,0.00265372,67.54319495
1592006400000,0.00265425,0.00267284,0.00265306,0.00267284,23.63708068
1592092800000,0.00268838,0.00277551,0.00268838,0.00273939,7.87887427
1592179200000,0.00273926,0.00273926,0.00259186,0.00271416,47.95853508
1592265600000,0.00270087,0.00270087,0.00265161,0.00265552,94.40575453
1592352000000,0.0026516,0.0026758,0.00259285,0.0026758,72.89914492
1592438400000,0.00264497,0.00264672,0.00256648,0.00260841,23.30925383
1592524800000,0.00253062,0.00259099,0.00252458,0.00253121,30.88616378
1592611200000,0.00254532,0.00263918,0.00254532,0.00263225,22.73044864
1592697600000,0.00259643,0.00262042,0.00253121,0.00253761,29.71153111
1592784000000,0.00253124,0.00256962,0.00250121,0.00252088,196.04186108
1592870400000,0.00254182,0.00254182,0.00243019,0.00243019,88.5483001
1592956800000,0.00248332,0.00252119,0.00242002,0.00252119,59.06231725
1593043200000,0.00252118,0.00253252,0.00243014,0.00243014,17.67243843
1593129600000,0.00243015,0.00247965,0.00234716,0.00247852,85.71311251
1593216000000,0.00242014,0.00242975,0.00220002,0.00223841,342.40493012
1593302400000,0.002248,0.00227236,0.002248,0.00227234,20.10782966
1593388800000,0.00227001,0.00238002,0.00227,0.0023474,83.71526024
1593475200000,0.00233223,0.00239659,0.00230003,0.00238,111.21074499
1593561600000,0.002392,0.00244941,0.00237142,0.002416,20.9678446
1593648000000,0.002428,0.00244939,0.00230004,0.00230004,10.06025803
1593734400000,0.00232,0.00240815,0.00232,0.002344,33.80314914
1593820800000,0.002344,0.00238,0.002344,0.00238,2.96690749
1593907200000,0.00235624,0.00245482,0.00235624,0.00238001,40.43525584
1593993600000,0.00238001,0.00238001,0.00230003,0.00234095,123.87187044
1594080000000,0.00234324,0.002344,0.00222448,0.00229652,243.67005992
1594166400000,0.00229652,0.00229652,0.002234,0.002249,80.34106204
1594252800000,0.002249,0.00226937,0.002102,0.00217455,406.89192469
1594339200000,0.00212946,0.00221345,0.00212946,0.00219999,50.90591291
1594425600000,0.00219416,0.00219416,0.00214616,0.00218843,35.16327206
1594512000000,0.00218843,0.0022,0.00212345,0.00219953,21.54281294
1594598400000,0.00219948,0.0022,0.00211001,0.00214139,98.05344574
1594684800000,0.00214139,0.00221449,0.00212633,0.00216184,16.55415532
1594771200000,0.002153,0.002153,0.002153,0.002153,6.75313594
1594857600000,0.00219441,0.00219622,0.00215257,0.00215257,26.99394843
1594944000000,0.00219045,0.00219601,0.00219045,0.002196,13.24617129
1595030400000,0.00219579,0.00222,0.00215048,0.00217038,80.1170991
1595116800000,0.00215553,0.00221646,0.00215,0.00218005,104.31030941
1595203200000,0.00216253,0.00219,0.00212779,0.00219,57.62453241
1595289600000,0.00219,0.00230832,0.00219,0.00224496,321.48675777
1595376000000,0.00228349,0.0023176,0.00227383,0.00227383,18.18079621
1595462400000,0.00226902,0.002318,0.0022,0.0022,196.80262012
1595548800000,0.0022,0.0022,0.00205021,0.00205028,149.55526933
1595635200000,0.0020503,0.00210203,0.00197959,0.00207062,212.48549677
1595721600000,0.00202029,0.00205848,0.0020181,0.00203011,24.28748583
1595808000000,0.0020181,0.00202999,0.00185713,0.00191784,213.47080125
1595894400000,0.00189224,0.00193023,0.0018,0.00188395,197.95600006
1595980800000,0.0018312,0.00186189,0.0017347,0.0017776,62.68673721
1596067200000,0.0017776,0.00178466,0.00168861,0.00174811,128.2963365
1596153600000,0.00174523,0.00174523,0.00173134,0.00173819,23.83157391
1596240000000,0.00173798,0.00173798,0.0016341,0.00169787,75.51926172
1596326400000,0.00169949,0.00171543,0.0016768,0.00171499,109.14411233
1596412800000,0.00171497,0.001715,0.00165,0.00170223,7.60254879
1596499200000,0.00169957,0.00175144,0.0016341,0.00175106,129.90303745
1596585600000,0.00173728,0.00173728,0.00161656,0.00161656,271.34470579
1596672000000,0.00164997,0.00164997,0.00155106,0.00159806,221.42852132
1596758400000,0.00159763,0.00163651,0.00155414,0.00156,54.13446585
1596844800000,0.0016286,0.00162861,0.00156041,0.00160419,586.1026332
1596931200000,0.00160395,0.0016365,0.00157501,0.0016,112.27493402
1597017600000,0.00163616,0.0016365,0.00156279,0.00163649,78.58680108
1597104000000,0.0016365,0.00167075,0.00156886,0.00161916,72.61200049
1597190400000,0.00164878,0.00560001,0.00163855,0.00462647,5372.23308315
1597276800000,0.0046117,0.00515,0.0036461,0.0041,4978.33922161
1597363200000,0.00410001,0.0045,0.00351112,0.00376317,1767.58920346
1597449600000,0.00376317,0.00414127,0.00370537,0.00374242,291.81784169
1597536000000,0.0038048,0.00427209,0.00369717,0.0041206,592.66993808
1597622400000,0.0041206,0.00558008,0.0038843,0.00433967,5219.57318596
1597708800000,0.00433895,0.00441649,0.00378674,0.00379974,943.63804598
1597795200000,0.00379273,0.00398318,0.00339416,0.00357865,452.80989135
1597881600000,0.00358419,0.00435124,0.00323094,0.00396401,827.97137121
1597968000000,0.00387136,0.00437172,0.00363974,0.00365542,626.79947852
1598054400000,0.00371894,0.00418865,0.0035672,0.00405665,358.99113029
1598140800000,0.00405665,0.00405678,0.00368961,0.00371888,173.53517416
1598227200000,0.00372038,0.00398864,0.00364157,0.00376425,181.9372167
1598313600000,0.00373248,0.00377243,0.00354305,0.00365174,65.05650285
1598400000000,0.00365174,0.00381243,0.00351602,0.00379696,269.70662323
1598486400000,0.00379696,0.00556555,0.00349743,0.00462843,490.44851512
1598572800000,0.00432278,0.00563333,0.00415702,0.00471401,631.40854084
1598659200000,0.00471402,0.00479143,0.00442411,0.00456613,199.68844057
1598745600000,0.00456613,0.00460757,0.0042,0.00460757,336.595237
1598832000000,0.00436465,0.00501,0.00427344,0.00462087,148.07552692
1598918400000,0.00459979,0.00459979,0.00420001,0.00426474,79.03372318
1599004800000,0.00428798,0.00445697,0.00409786,0.00421339,40.30243548
1599091200000,0.00421503,0.0042653,0.00361338,0.004,105.20584323
1599177600000,0.00393125,0.00454163,0.00373,0.00414878,123.31093834
1599264000000,0.0041,0.00419391,0.0036,0.0037505,148.85953154
1599350400000,0.00376509,0.00378214,0.00347654,0.00368488,76.22353618
1599436800000,0.00368731,0.00387276,0.00353004,0.00362454,33.80360517
1599523200000,0.00362454,0.00363551,0.00344066,0.00356627,11.06924993
1599609600000,0.00347531,0.00363735,0.00346423,0.00355241,5.58564539
1599696000000,0.00362193,0.00373853,0.00354035,0.00361465,47.4670469
1599782400000,0.00361465,0.00361465,0.00345936,0.0035175,71.64483522
1599868800000,0.00352615,0.00384637,0.00352597,0.00365337,149.09715586
1599955200000,0.00365323,0.00366164,0.00340077,0.00346557,84.23114281
1600041600000,0.0034243,0.00375635,0.00325,0.00331314,86.4481291
1600128000000,0.00329955,0.00340188,0.00300001,0.00323341,152.47561423
1600214400000,0.00316872,0.00321934,0.00297883,0.00299952,11.7706563
1600300800000,0.00293327,0.00323964,0.00276344,0.00292953,61.33839424
1600387200000,0.00294336,0.00296947,0.00266482,0.00270325,63.76579359
1600473600000,0.00276147,0.00288629,0.00247004,0.00265947,24.23623078
1600560000000,0.00263095,0.00352214,0.00260464,0.00303299,339.6462874
1600646400000,0.00295039,0.00315241,0.00268116,0.0030126,282.5842992
1600732800000,0.00300166,0.00315331,0.00289629,0.00293159,71.41300703
1600819200000,0.0029414,0.00302627,0.00284105,0.00284105,74.77806188
1600905600000,0.00284741,0.00313339,0.0027,0.00290872,72.53153788
1600992000000,0.00289672,0.0030513,0.00289383,0.0030513,25.69456343
1601078400000,0.00292264,0.00303029,0.00275002,0.00286433,93.9515491
1601164800000,0.00286241,0.00298986,0.00281079,0.00293471,36.7285477
1601251200000,0.00292902,0.00292902,0.00286048,0.00287569,39.1646943
1601337600000,0.00287802,0.00294562,0.00286365,0.00286365,102.06685574
1601424000000,0.00283659,0.00288406,0.00282343,0.00288406,1.40617346
1601510400000,0.00288348,0.0029083,0.00274,0.00290828,84.11366755
1601596800000,0.00281512,0.00282698,0.0026665,0.0026665,33.69852718
1601683200000,0.00272164,0.00272456,0.00272164,0.00272456,4.85470351
1601769600000,0.00265333,0.00268894,0.00264737,0.00268894,19.99846544
1601856000000,0.00272423,0.002736,0.00265681,0.00265681,40.16600462
1601942400000,0.00265681,0.00270844,0.0026,0.00261837,15.20546103
1602028800000,0.00254249,0.00257908,0.002487,0.00256726,5.8594321
1602115200000,0.00254185,0.00255549,0.00250205,0.00254452,29.29301861
1602201600000,0.0025422,0.0026048,0.0025299,0.0026048,48.85223216
1602288000000,0.00260928,0.00260928,0.00254184,0.00258101,29.11601451
1602374400000,0.00251491,0.00274662,0.00251155,0.00251155,1.6304886
1602460800000,0.00258898,0.00311508,0.00258898,0.0027,97.28942037
1602547200000,0.00270404,0.00275775,0.0027,0.00275775,21.04716025
1602633600000,0.00274931,0.00274931,0.00261143,0.00265773,40.74563941
1602720000000,0.00260011,0.00264846,0.00256962,0.00264577,74.29415637
1602806400000,0.00254514,0.00259977,0.00249086,0.00249086,17.75180665
1602892800000,0.00249086,0.00249967,0.00247,0.00247675,15.31014394
1602979200000,0.00252257,0.0025235,0.00250322,0.00252087,1.7800919
1603065600000,0.00251194,0.00254779,0.002444,0.002444,29.38220304
1603152000000,0.002444,0.002444,0.00205572,0.00225238,42.70312996
1603238400000,0.00225238,0.00227173,0.0021,0.00210611,58.66346022
1603324800000,0.00210122,0.00210734,0.00208859,0.00208859,1.81818621
1603411200000,0.00203813,0.00206638,0.00203813,0.00205064,12.15386378
1603497600000,0.00203488,0.00205868,0.00196189,0.00203995,1.97012354
1603584000000,0.00201697,0.00205018,0.00196059,0.0019829,26.27196607
1603670400000,0.0019717,0.00201828,0.00196678,0.00201062,45.8850464
1603756800000,0.00197129,0.00197129,0.00185487,0.00185487,1.97916003
1603843200000,0.0018354,0.00190549,0.00182301,0.00184268,44.65307683
1603929600000,0.00192753,0.00192754,0.00174068,0.00174068,20.42932802
1604016000000,0.00179193,0.00182094,0.00173482,0.00178759,10.10330764
1604102400000,0.00175872,0.00175872,0.0017,0.0017,86.15450411
1604188800000,0.00166874,0.0017047,0.00160805,0.0017047,3.78220145
1604275200000,0.00167724,0.00173492,0.00167723,0.00171675,1.00422064
1604361600000,0.00173299,0.00209972,0.00170679,0.00185825,195.69855672
1604448000000,0.00184169,0.00188767,0.00150214,0.00171398,96.98232416
1604534400000,0.00171398,0.00177137,0.00150191,0.00150664,84.57769959
1604620800000,0.00154738,0.00160441,0.00141021,0.00159326,132.8731611
1604707200000,0.00159925,0.00159925,0.00136486,0.00153922,8.45122443
1604793600000,0.00154631,0.00155836,0.00150415,0.00153728,0.82539238
1604880000000,0.00153407,0.00157518,0.00147719,0.00155683,2.32778081
1604966400000,0.00155369,0.00161145,0.00150298,0.00150298,2.01521355
1605052800000,0.001593,0.00174368,0.00154339,0.00154339,21.1287193
1605139200000,0.00154346,0.00156543,0.0014572,0.0014572,23.47323388
1605225600000,0.00149103,0.00153202,0.00146706,0.00151552,1.51778809
1605312000000,0.00153094,0.00157182,0.0015,0.00157181,28.26462464
1605398400000,0.0015382,0.0015382,0.00148045,0.00148045,9.64184323
1605484800000,0.00140812,0.00153028,0.00140167,0.00146673,3.47445257
1605571200000,0.0014,0.00151817,0.00137964,0.00137965,256.21226952
1605657600000,0.00145806,0.00145806,0.0013,0.00136279,25.64465788
1605744000000,0.00132928,0.00136137,0.00128134,0.00132396,56.46559478
1605830400000,0.0013095,0.00132612,0.001206,0.00129686,4.35293319
1605916800000,0.00127354,0.00156718,0.00127354,0.00142548,109.94979447
1606003200000,0.00146394,0.00222994,0.00143027,0.0017702,425.06896293
1606089600000,0.00176709,0.00201977,0.00161346,0.00186199,270.04170043
1606176000000,0.00185031,0.00189536,0.00170924,0.00171084,15.96368533
1606262400000,0.00165315,0.00170117,0.00155877,0.00155877,166.56325431
1606348800000,0.00159807,0.00168964,0.00152648,0.00165379,79.72761539
1606435200000,0.00161644,0.0016234,0.00155335,0.00155683,6.81026531
1606521600000,0.00162341,0.00225062,0.00162341,0.0020723,696.3485795
1606608000000,0.00207233,0.00217458,0.00184628,0.00187808,91.16556754
1606694400000,0.00186313,0.00200461,0.00173019,0.00174992,67.65836782
1606780800000,0.00171361,0.00179208,0.00167664,0.00171813,39.36069332
1606867200000,0.00171813,0.00176354,0.00163803,0.00171778,7.99922439
1606953600000,0.00171778,0.00172825,0.00162909,0.00167917,9.05991635
1607040000000,0.00169869,0.00171921,0.00156125,0.00156125,5.34438583
1607126400000,0.0015573,0.00176355,0.0015573,0.00171111,12.27227881
1607212800000,0.00169609,0.00175772,0.00159386,0.00159386,6.05774232
1607299200000,0.00155731,0.00163817,0.00155731,0.00160594,2.97733319
1607385600000,0.00162199,0.00163794,0.00150004,0.00154003,63.9783721
1607472000000,0.00155288,0.00156055,0.00151952,0.00156055,43.93351623
1607558400000,0.00150113,0.00155781,0.00147724,0.00151244,31.34974341
1607644800000,0.00143887,0.00163425,0.00143887,0.00153197,28.90930692
1607731200000,0.00144979,0.00152547,0.00141543,0.00141543,15.10141614
1607817600000,0.0014,0.00177994,0.00138648,0.00152554,72.19882121
1607904000000,0.00157329,0.00157734,0.00142732,0.00151851,115.77888017
1607990400000,0.00148022,0.0015185,0.00139751,0.00142461,96.85253396
1608076800000,0.00142366,0.00142366,0.00122978,0.00129279,94.10975922
1608163200000,0.00133394,0.00133914,0.00112534,0.00120242,66.08503383
1608249600000,0.00119018,0.00126751,0.00115401,0.00120916,53.43566033
1608336000000,0.00120916,0.00128808,0.001055,0.00122377,35.95139096
1608422400000,0.00122377,0.00122377,0.00110073,0.0011219,86.83037843
1608508800000,0.00112191,0.00116,0.00110633,0.00110633,13.99068034
1608595200000,0.00112224,0.00112588,0.00106909,0.00107491,11.050143
1608681600000,0.00107491,0.00109809,0.0009372,0.0009372,73.55153015
1608768000000,0.00093693,0.00101645,0.00093693,0.00101645,3.31582981
1608854400000,0.00098172,0.00098172,0.00095246,0.00097385,6.19462314
1608940800000,0.00094852,0.00099473,0.0008756,0.0008756,69.38996673
1609027200000,0.0008756,0.00091825,0.00081712,0.00091825,196.52649616
1609113600000,0.00092001,0.00104,0.00087136,0.00092138,239.84248085
1609200000000,0.0009,0.0009,0.0009,0.0009,2.0628
1609286400000,0.00085942,0.00085942,0.00078709,0.0008036,72.94440074
1609372800000,0.0008016,0.00082632,0.00078426,0.00080411,7.63102654
1609459200000,0.00080426,0.00082775,0.00072623,0.00080748,15.7197738
1609545600000,0.00080737,0.00080737,0.00065943,0.00070725,359.03549611
1609632000000,0.00069351,0.00072056,0.00065943,0.00072028,531.38764474
1609718400000,0.00074978,0.00089602,0.00073134,0.00089602,65.10198205
1609804800000,0.00085515,0.00093809,0.00081841,0.00084655,140.27538682
1609891200000,0.00084749,0.00085935,0.00078641,0.00083397,63.03382906
1609977600000,0.00076803,0.00083185,0.00071575,0.0007169,156.3731644
1610064000000,0.00071225,0.00071672,0.00062374,0.00065895,248.48699627
1610150400000,0.00067376,0.00069017,0.00063884,0.00068282,20.89065054
1610236800000,0.00071319,0.00075982,0.00069734,0.00070001,18.15643835
1610323200000,0.0007562,0.00084962,0.00071716,0.00077168,176.90032345
1610409600000,0.00077184,0.00083113,0.00077184,0.00083113,56.76727179
1610496000000,0.00079051,0.00083231,0.00075239,0.00075239,35.62303437
1610582400000,0.0007524,0.0007524,0.00074275,0.00074275,196.9350766
1610668800000,0.00074275,0.00077067,0.00074275,0.00074361,67.22165354
