1551888000000,2.024e-05,3.287e-05,2.023e-05,2.311e-05,15009338.950040312
1551974400000,2.309e-05,2.382e-05,2.156e-05,2.188e-05,30663400.19521788
1552060800000,2.184e-05,2.28e-05,2.001e-05,2.079e-05,21357031.02341316
1552147200000,2.079e-05,2.24e-05,2.04e-05,2.214e-05,27496643.99181273
1552233600000,2.21e-05,2.25e-05,2.021e-05,2.092e-05,32420389.00429282
1552320000000,2.092e-05,2.161e-05,1.968e-05,2.031e-05,30613635.395437833
1552406400000,2.03e-05,2.22e-05,1.971e-05,2.127e-05,35295038.332468264
1552492800000,2.128e-05,2.196e-05,2.025e-05,2.157e-05,33897329.19405506
1552579200000,2.159e-05,2.22e-05,2.116e-05,2.167e-05,20191146.565278377
1552665600000,2.168e-05,2.185e-05,2.031e-05,2.082e-05,24878034.495995313
1552752000000,2.086e-05,2.22e-05,2.052e-05,2.151e-05,19809128.546117116
1552838400000,2.151e-05,2.349e-05,2.08e-05,2.145e-05,25454671.885559604
1552924800000,2.144e-05,2.213e-05,2.053e-05,2.129e-05,30104145.210643057
1553011200000,2.129e-05,2.192e-05,2.08e-05,2.109e-05,21561015.422227312
1553097600000,2.109e-05,2.179e-05,2.053e-05,2.073e-05,16713513.049532993
1553184000000,2.073e-05,2.125e-05,1.82e-05,1.989e-05,24218385.24161937
1553270400000,1.989e-05,2.004e-05,1.871e-05,1.948e-05,20017211.54273146
1553356800000,1.951e-05,1.969e-05,1.832e-05,1.92e-05,13911594.32
1553443200000,1.915e-05,1.944e-05,1.805e-05,1.828e-05,12548967.294762027
1553529600000,1.828e-05,1.876e-05,1.75e-05,1.796e-05,21955569.083233874
1553616000000,1.797e-05,1.948e-05,1.742e-05,1.884e-05,11056637.209266549
1553702400000,1.876e-05,1.96e-05,1.832e-05,1.912e-05,10733921.581165036
1553788800000,1.912e-05,1.919e-05,1.757e-05,1.813e-05,8963167.977969924
1553875200000,1.813e-05,1.917e-05,1.802e-05,1.857e-05,1181625.0061012385
1553961600000,1.86e-05,1.92e-05,1.804e-05,1.895e-05,1856479.5374482411
1554048000000,1.895e-05,1.993e-05,1.842e-05,1.965e-05,6416884.383161381
1554134400000,1.965e-05,1.977e-05,1.73e-05,1.802e-05,10548142.767398037
1554220800000,1.802e-05,1.85e-05,1.66e-05,1.735e-05,8233785.39581178
1554307200000,1.735e-05,1.76e-05,1.486e-05,1.572e-05,14388373.391984241
1554393600000,1.586e-05,1.701e-05,1.496e-05,1.508e-05,6906339.619061851
1554480000000,1.506e-05,1.65e-05,1.506e-05,1.536e-05,5747477.970820329
1554566400000,1.537e-05,1.943e-05,1.512e-05,1.752e-05,9688244.445619898
1554652800000,1.752e-05,1.877e-05,1.515e-05,1.571e-05,8965070.313999299
1554739200000,1.57e-05,1.675e-05,1.4e-05,1.457e-05,22844516.95863267
1554825600000,1.457e-05,1.501e-05,1.256e-05,1.493e-05,11269660.99594689
1554912000000,1.492e-05,1.575e-05,1.365e-05,1.461e-05,10880045.078935873
1554998400000,1.461e-05,1.517e-05,1.38e-05,1.5e-05,9700111.252745993
1555084800000,1.5e-05,1.568e-05,1.429e-05,1.521e-05,16141223.631375574
1555171200000,1.522e-05,1.626e-05,1.445e-05,1.585e-05,11279085.027405959
1555257600000,1.585e-05,1.604e-05,1.451e-05,1.472e-05,13820916.376343314
1555344000000,1.471e-05,1.557e-05,1.441e-05,1.534e-05,12658714.097
1555430400000,1.534e-05,1.583e-05,1.451e-05,1.504e-05,12328882.795347912
1555516800000,1.504e-05,1.555e-05,1.443e-05,1.496e-05,8033867.188345991
1555603200000,1.498e-05,1.57e-05,1.473e-05,1.53e-05,13987198.973178385
1555689600000,1.531e-05,1.596e-05,1.511e-05,1.559e-05,13649323.248933848
1555776000000,1.559e-05,1.58e-05,1.539e-05,1.545e-05,10421522.30679209
1555862400000,1.543e-05,1.595e-05,1.513e-05,1.569e-05,17469935.84325286
1555948800000,1.568e-05,1.688e-05,1.505e-05,1.514e-05,13240196.896980615
1556035200000,1.515e-05,1.526e-05,1.417e-05,1.457e-05,13227467.887044674
1556121600000,1.459e-05,1.56e-05,1.453e-05,1.515e-05,12091453.46652174
1556208000000,1.514e-05,1.548e-05,1.48e-05,1.485e-05,5084925.97
1556294400000,1.485e-05,1.57e-05,1.485e-05,1.532e-05,1238623.679148058
1556380800000,1.532e-05,1.6e-05,1.519e-05,1.574e-05,3800251.1651680255
1556467200000,1.581e-05,1.613e-05,1.48e-05,1.534e-05,3650492.51
1556553600000,1.536e-05,1.577e-05,1.495e-05,1.518e-05,8743421.67476699
1556640000000,1.518e-05,1.58e-05,1.512e-05,1.556e-05,13672095.909950642
1556726400000,1.556e-05,1.615e-05,1.538e-05,1.583e-05,13586586.26593947
1556812800000,1.586e-05,1.586e-05,1.481e-05,1.489e-05,7227998.38
1556899200000,1.486e-05,1.532e-05,1.449e-05,1.451e-05,14457766.261953115
1556985600000,1.451e-05,1.508e-05,1.449e-05,1.467e-05,9766126.936411219
1557072000000,1.47e-05,1.481e-05,1.449e-05,1.479e-05,10713863.8
1557158400000,1.479e-05,1.549e-05,1.45e-05,1.464e-05,9691978.328664305
1557244800000,1.462e-05,1.465e-05,1.254e-05,1.322e-05,12007527.577995976
1557331200000,1.337e-05,1.38e-05,1.237e-05,1.249e-05,9223638.512811014
1557417600000,1.252e-05,1.269e-05,1.176e-05,1.233e-05,13091298.767626548
1557504000000,1.232e-05,1.232e-05,1.054e-05,1.158e-05,10805880.804227239
1557590400000,1.158e-05,1.173e-05,8.5e-06,9.99e-06,12041360.469882343
1557676800000,9.98e-06,1.18e-05,9.8e-06,1.074e-05,13689413.170520531
1557763200000,1.074e-05,1.078e-05,8.25e-06,8.61e-06,14419995.561718438
1557849600000,8.61e-06,9.96e-06,8.21e-06,9.28e-06,13788493.662124574
1557936000000,9.26e-06,9.96e-06,8.57e-06,8.92e-06,16092262.629039645
1558022400000,8.93e-06,9.46e-06,8.68e-06,8.97e-06,7643613.48
1558108800000,8.97e-06,9.33e-06,8.8e-06,9.25e-06,18224293.121178992
1558195200000,9.25e-06,9.32e-06,8.33e-06,8.47e-06,14485071.594726397
1558281600000,8.48e-06,9.03e-06,8.44e-06,8.86e-06,13530257.237986254
1558368000000,8.86e-06,8.91e-06,7.33e-06,8.59e-06,19124332.56315048
1558454400000,8.62e-06,9.35e-06,7.71e-06,8.02e-06,11820354.718512945
1558540800000,7.95e-06,8.87e-06,7.53e-06,8.48e-06,19678965.663388092
1558627200000,8.51e-06,9.45e-06,8.14e-06,8.32e-06,9321621.608890114
1558713600000,8.32e-06,1.089e-05,8.2e-06,1.015e-05,16536948.293862784
1558800000000,1.014e-05,1.022e-05,9.06e-06,9.26e-06,9364342.99983844
1558886400000,9.24e-06,9.4e-06,8.23e-06,8.44e-06,15321416.044355331
1558972800000,8.48e-06,8.99e-06,8.38e-06,8.62e-06,16275291.59
1559059200000,8.62e-06,1.161e-05,8.3e-06,1.093e-05,12405903.44920748
1559145600000,1.094e-05,1.493e-05,1.064e-05,1.169e-05,15380565.516426785
1559232000000,1.173e-05,1.276e-05,1.11e-05,1.172e-05,9138347.783260563
1559318400000,1.172e-05,1.28e-05,1.17e-05,1.189e-05,6703042.994040573
1559404800000,1.19e-05,1.224e-05,1.13e-05,1.198e-05,7234630.094607267
1559491200000,1.198e-05,1.23e-05,1.104e-05,1.124e-05,6749920.623410581
1559577600000,1.124e-05,1.18e-05,1.061e-05,1.117e-05,19164385.428591415
1559664000000,1.117e-05,1.135e-05,1.03e-05,1.057e-05,9409792.44228782
1559750400000,1.058e-05,1.204e-05,1.051e-05,1.186e-05,14699400.53250523
1559836800000,1.187e-05,1.312e-05,1.181e-05,1.255e-05,13130150.233760975
1559923200000,1.255e-05,1.332e-05,1.21e-05,1.263e-05,11639866.172522977
1560009600000,1.264e-05,1.32e-05,1.21e-05,1.229e-05,8212850.767883951
1560096000000,1.229e-05,1.32e-05,1.214e-05,1.265e-05,9168763.371298105
1560182400000,1.265e-05,1.314e-05,1.189e-05,1.22e-05,6817281.116320374
1560268800000,1.219e-05,1.352e-05,1.165e-05,1.236e-05,10344473.15440973
1560355200000,1.235e-05,1.285e-05,1.223e-05,1.235e-05,8462279.246461106
1560441600000,1.235e-05,1.26e-05,1.184e-05,1.204e-05,10380824.460928349
1560528000000,1.204e-05,1.204e-05,1.144e-05,1.153e-05,12232340.566002117
1560614400000,1.153e-05,1.23e-05,1.145e-05,1.18e-05,8714670.014130156
1560700800000,1.18e-05,1.295e-05,1.128e-05,1.175e-05,10178001.214216867
1560787200000,1.174e-05,1.193e-05,1.1e-05,1.181e-05,9407083.97247594
1560873600000,1.181e-05,1.23e-05,1.035e-05,1.137e-05,12273757.74831343
1560960000000,1.14e-05,1.175e-05,1.115e-05,1.125e-05,8247444.933772564
1561046400000,1.125e-05,1.143e-05,9.35e-06,9.54e-06,8820796.33
1561132800000,9.58e-06,1.033e-05,8.1e-06,9.14e-06,10110760.943719024
1561219200000,9.13e-06,1.008e-05,8.5e-06,9.42e-06,11417346.668307781
1561305600000,9.42e-06,1.111e-05,9.36e-06,1.03e-05,8269001.446422885
1561392000000,1.03e-05,1.2e-05,9.98e-06,1.072e-05,3483289.566867452
1561478400000,1.072e-05,1.137e-05,9.6e-06,1.049e-05,5265266.530980113
1561564800000,1.05e-05,1.121e-05,8.65e-06,9.81e-06,5764637.319353105
1561651200000,9.81e-06,1.044e-05,9.2e-06,9.36e-06,8498704.048039272
1561737600000,9.32e-06,1.04e-05,9.06e-06,1.036e-05,8529010.510188112
1561824000000,1.036e-05,1.04e-05,9.8e-06,1.028e-05,11621993.465455048
1561910400000,1.028e-05,1.05e-05,8.88e-06,1.013e-05,13172217.355438903
1561996800000,1.011e-05,1.05e-05,9.61e-06,1.017e-05,13781970.819724414
1562083200000,1.018e-05,1.038e-05,9.46e-06,9.78e-06,12562390.434586242
1562169600000,9.78e-06,9.82e-06,8.84e-06,9.04e-06,16057976.142399553
1562256000000,9.04e-06,9.57e-06,8.84e-06,8.91e-06,7293813.349311007
1562342400000,8.91e-06,9.13e-06,8.69e-06,8.81e-06,11246361.933942996
1562428800000,8.8e-06,9.05e-06,8.77e-06,8.82e-06,16536996.009576928
1562515200000,8.82e-06,9e-06,8.61e-06,8.79e-06,10115414.592766121
1562601600000,8.77e-06,9.14e-06,8.3e-06,8.64e-06,13292435.927783871
1562688000000,8.64e-06,8.79e-06,8.1e-06,8.22e-06,8242144.490681338
1562774400000,8.23e-06,9.13e-06,8.19e-06,8.72e-06,7121628.0463206535
1562860800000,8.73e-06,8.84e-06,8.35e-06,8.44e-06,13613462.390190024
1562947200000,8.43e-06,8.84e-06,8.41e-06,8.74e-06,9047736.694168832
1563033600000,8.74e-06,9.05e-06,8.43e-06,8.56e-06,19584358.99392714
1563120000000,8.57e-06,8.85e-06,8.38e-06,8.67e-06,14910493.396375144
1563206400000,8.67e-06,9.13e-06,8.33e-06,8.48e-06,8907168.761448598
1563292800000,8.47e-06,8.87e-06,8.22e-06,8.65e-06,8435166.32884566
1563379200000,8.64e-06,9.3e-06,8.61e-06,9.2e-06,12355597.729326757
1563465600000,9.17e-06,9.57e-06,8.93e-06,9.49e-06,15904581.123577315
1563552000000,9.49e-06,9.67e-06,9.16e-06,9.24e-06,14507328.060806619
1563638400000,9.24e-06,9.39e-06,9e-06,9.22e-06,10910481.71
1563724800000,9.22e-06,9.25e-06,8.86e-06,9.03e-06,8428964.331894366
1563811200000,9.04e-06,9.33e-06,8.93e-06,9.24e-06,12891790.79452686
1563897600000,9.24e-06,1.154e-05,9.12e-06,1.007e-05,22569032.09817897
1563984000000,1.007e-05,1.2e-05,1.006e-05,1.13e-05,11636250.453730755
1564070400000,1.129e-05,1.23e-05,1.072e-05,1.189e-05,6346252.321215795
1564156800000,1.187e-05,1.212e-05,1.138e-05,1.207e-05,6656121.733463227
1564243200000,1.207e-05,1.256e-05,1.164e-05,1.183e-05,5480079.966470643
1564329600000,1.182e-05,1.184e-05,1.127e-05,1.141e-05,6566708.350344827
1564416000000,1.14e-05,1.214e-05,1.107e-05,1.177e-05,10783375.718241328
1564502400000,1.175e-05,1.23e-05,1.159e-05,1.195e-05,10998108.861166852
1564588800000,1.193e-05,1.288e-05,1.152e-05,1.172e-05,11076629.049068615
1564675200000,1.172e-05,1.19e-05,1.06e-05,1.084e-05,13269073.600035423
1564761600000,1.086e-05,1.154e-05,8.79e-06,9.29e-06,6881130.2715175245
1564848000000,9.29e-06,1.1e-05,8.51e-06,8.87e-06,5000193.120604386
1564934400000,8.86e-06,9.3e-06,7.44e-06,7.76e-06,11026336.517135713
1565020800000,7.75e-06,8.37e-06,6.75e-06,7.76e-06,18253180.90287639
1565107200000,7.76e-06,7.89e-06,7.3e-06,7.6e-06,7426803.846897178
1565193600000,7.6e-06,7.78e-06,7.42e-06,7.54e-06,22789318.477005143
1565280000000,7.55e-06,7.63e-06,7.14e-06,7.2e-06,18032574.524898443
1565366400000,7.19e-06,7.35e-06,6.71e-06,7.03e-06,13209580.420803534
1565452800000,7.02e-06,7.33e-06,6.93e-06,7.2e-06,13826357.192745028
1565539200000,7.21e-06,7.45e-06,7.17e-06,7.35e-06,9515472.897216087
1565625600000,7.35e-06,7.83e-06,7.18e-06,7.82e-06,11878840.3388339
1565712000000,7.84e-06,8.13e-06,7.36e-06,7.39e-06,5662463.27
1565798400000,7.38e-06,7.42e-06,6.9e-06,7.09e-06,10755400.739020374
1565884800000,7.09e-06,7.44e-06,6.89e-06,7.17e-06,10036117.88956048
1565971200000,7.17e-06,8e-06,6.97e-06,7.73e-06,10183160.017645514
1566057600000,7.73e-06,8.2e-06,7.6e-06,7.97e-06,8545931.341817003
1566144000000,7.96e-06,8.07e-06,7.62e-06,7.73e-06,6032130.030997027
1566230400000,7.74e-06,8e-06,7.46e-06,7.74e-06,7752580.437613003
1566316800000,7.75e-06,7.99e-06,7.43e-06,7.87e-06,11368527.721663712
1566403200000,7.88e-06,7.88e-06,7.34e-06,7.41e-06,8093676.061012971
1566489600000,7.41e-06,7.49e-06,7.2e-06,7.31e-06,9965859.348808158
1566576000000,7.31e-06,7.5e-06,7.13e-06,7.17e-06,8726606.801381253
1566662400000,7.2e-06,7.28e-06,7e-06,7.12e-06,10237241.060661389
1566748800000,7.11e-06,7.18e-06,6.78e-06,6.97e-06,10081393.531339776
1566835200000,6.96e-06,9e-06,6.95e-06,7.09e-06,8584569.300571866
1566921600000,7.11e-06,7.25e-06,6.75e-06,7.1e-06,12748885.31054703
1567008000000,7.1e-06,7.24e-06,6.81e-06,7.18e-06,13626819.172460243
1567094400000,7.19e-06,7.26e-06,7.01e-06,7.1e-06,12473107.857423812
1567180800000,7.11e-06,7.15e-06,6.9e-06,6.9e-06,10560025.760552302
1567267200000,6.9e-06,7.21e-06,6.82e-06,7.21e-06,2377405.010053721
1567353600000,7.18e-06,7.19e-06,6.86e-06,6.93e-06,6500899.417831536
1567440000000,6.88e-06,6.93e-06,6.6e-06,6.8e-06,6565623.248731523
1567526400000,6.78e-06,6.93e-06,6.65e-06,6.77e-06,9228739.133831346
1567612800000,6.73e-06,7.1e-06,6.61e-06,6.96e-06,8699294.810142325
1567699200000,6.93e-06,8.34e-06,6.92e-06,7.78e-06,13639612.956858173
1567785600000,7.78e-06,8.42e-06,7.62e-06,7.97e-06,5694091.369693095
1567872000000,7.96e-06,8.15e-06,7.66e-06,7.78e-06,9962734.363921737
1567958400000,7.79e-06,8.51e-06,7.71e-06,8.43e-06,7285333.458742515
1568044800000,8.46e-06,8.94e-06,7.96e-06,8.64e-06,3679621.452865809
1568131200000,8.62e-06,9.13e-06,8.52e-06,9.07e-06,16171643.204016501
1568217600000,9.08e-06,9.8e-06,8.67e-06,9.23e-06,13567478.333643757
1568304000000,9.18e-06,9.6e-06,8.55e-06,9.06e-06,6037151.696668939
1568390400000,9.07e-06,9.09e-06,8.41e-06,8.64e-06,5666070.171798744
1568476800000,8.64e-06,8.96e-06,8.63e-06,8.74e-06,9203650.66233965
1568563200000,8.68e-06,9e-06,8.43e-06,8.86e-06,5769221.039221239
1568649600000,8.87e-06,9.74e-06,8.72e-06,9.63e-06,15651326.089663306
1568736000000,9.65e-06,9.83e-06,9.39e-06,9.76e-06,14972145.397903595
1568822400000,9.76e-06,1.019e-05,9.28e-06,9.69e-06,15256244.946681987
1568908800000,9.68e-06,1.05e-05,9.68e-06,1.002e-05,12880444.272373756
1568995200000,1.002e-05,1.05e-05,9.7e-06,1.024e-05,10868378.112804973
1569081600000,1.024e-05,1.05e-05,9.76e-06,9.88e-06,8207072.850091793
1569168000000,9.88e-06,1.038e-05,9.78e-06,1.01e-05,7501669.823690673
1569254400000,1.01e-05,1.022e-05,9.54e-06,1.001e-05,8772899.835026624
1569340800000,1.001e-05,1.054e-05,9.35e-06,1.033e-05,10840776.007448228
1569427200000,1.034e-05,1.164e-05,1.031e-05,1.09e-05,4168487.296239245
1569513600000,1.087e-05,1.111e-05,1.014e-05,1.031e-05,12589251.976333704
1569600000000,1.03e-05,1.057e-05,9.91e-06,9.97e-06,4975922.946760479
1569686400000,9.97e-06,1.016e-05,9.67e-06,9.83e-06,12211048.425961077
1569772800000,9.84e-06,1.036e-05,9.67e-06,1e-05,11701426.260113945
1569859200000,1.003e-05,1.03e-05,9.86e-06,9.99e-06,8136264.637132952
1569945600000,9.99e-06,1.032e-05,9.91e-06,1.016e-05,11303961.991454592
1570032000000,1.017e-05,1.044e-05,1.003e-05,1.039e-05,11358939.933584549
1570118400000,1.039e-05,1.116e-05,1.024e-05,1.081e-05,12901277.208137562
1570204800000,1.08e-05,1.15e-05,1.073e-05,1.146e-05,12319255.75391092
1570291200000,1.147e-05,1.171e-05,1.13e-05,1.138e-05,5351812.991291151
1570377600000,1.139e-05,1.16e-05,1.084e-05,1.138e-05,11117105.997987736
1570464000000,1.138e-05,1.154e-05,1.108e-05,1.143e-05,5292720.427508875
1570550400000,1.143e-05,1.17e-05,1.121e-05,1.14e-05,12489140.203352463
1570636800000,1.139e-05,1.143e-05,1.088e-05,1.096e-05,10751626.451170575
1570723200000,1.096e-05,1.099e-05,1.01e-05,1.09e-05,11137123.83058256
1570809600000,1.089e-05,1.091e-05,1.017e-05,1.081e-05,11496320.869812278
1570896000000,1.081e-05,1.11e-05,1.061e-05,1.097e-05,11450653.32151137
1570982400000,1.095e-05,1.11e-05,1.066e-05,1.093e-05,11806726.946603468
1571068800000,1.092e-05,1.146e-05,1.067e-05,1.143e-05,11354483.385040924
1571155200000,1.142e-05,1.211e-05,1.136e-05,1.187e-05,10520426.618983995
1571241600000,1.187e-05,1.209e-05,1.171e-05,1.179e-05,10950446.614703707
1571328000000,1.179e-05,1.195e-05,1.15e-05,1.157e-05,9248194.769623453
1571414400000,1.155e-05,1.201e-05,1.151e-05,1.188e-05,10102119.778316393
1571500800000,1.188e-05,1.225e-05,1.185e-05,1.214e-05,9553881.496038474
1571587200000,1.214e-05,1.231e-05,1.19e-05,1.21e-05,8409580.141896661
1571673600000,1.212e-05,1.249e-05,1.185e-05,1.208e-05,11849502.857658697
1571760000000,1.21e-05,1.239e-05,1.173e-05,1.217e-05,12068924.100761449
1571846400000,1.217e-05,1.244e-05,1.2e-05,1.231e-05,10839818.165427858
1571932800000,1.231e-05,1.253e-05,1.227e-05,1.232e-05,11371903.932138821
1572019200000,1.232e-05,1.233e-05,1.096e-05,1.118e-05,11208583.406366907
1572105600000,1.122e-05,1.153e-05,9.78e-06,1.012e-05,11650604.152268518
1572192000000,1.012e-05,1.041e-05,9.86e-06,1.029e-05,7472382.219251614
1572278400000,1.03e-05,1.069e-05,9.62e-06,1.045e-05,5850367.962427185
1572364800000,1.043e-05,1.05e-05,9.54e-06,1.003e-05,2939537.7219402986
1572451200000,1.003e-05,1.041e-05,9.69e-06,9.96e-06,7349486.889734198
1572537600000,9.96e-06,1.014e-05,9.56e-06,9.98e-06,6565103.3408017345
1572624000000,9.98e-06,1.02e-05,9.94e-06,1.009e-05,6861930.329691849
1572710400000,1.009e-05,1.048e-05,1.001e-05,1.039e-05,6781288.449038277
1572796800000,1.039e-05,1.132e-05,1.037e-05,1.129e-05,6873384.758337802
1572883200000,1.125e-05,1.15e-05,1.079e-05,1.124e-05,6930217.931600023
1572969600000,1.124e-05,1.149e-05,1.103e-05,1.111e-05,6401928.6679822225
1573056000000,1.119e-05,1.125e-05,1.089e-05,1.094e-05,3390668.321422222
1573142400000,1.092e-05,1.131e-05,1.09e-05,1.114e-05,7009238.36
1573228800000,1.114e-05,1.169e-05,1.114e-05,1.157e-05,14474687.418577777
1573315200000,1.154e-05,1.205e-05,1.13e-05,1.143e-05,4645739.73116638
1573401600000,1.145e-05,1.195e-05,1.114e-05,1.189e-05,3772840.580514246
1573488000000,1.189e-05,1.208e-05,1.189e-05,1.203e-05,5280735.928753117
1573574400000,1.203e-05,1.215e-05,1.188e-05,1.199e-05,6537378.143344371
1573660800000,1.199e-05,1.243e-05,1.195e-05,1.228e-05,6260161.07
1573747200000,1.224e-05,1.314e-05,1.215e-05,1.288e-05,8370284.71504965
1573833600000,1.287e-05,1.288e-05,1.25e-05,1.279e-05,5140547.253976562
1573920000000,1.279e-05,1.292e-05,1.269e-05,1.281e-05,9738682.053556148
1574006400000,1.282e-05,1.299e-05,1.275e-05,1.289e-05,6222268.64
1574092800000,1.289e-05,1.335e-05,1.276e-05,1.293e-05,2948443.118562333
1574179200000,1.299e-05,1.335e-05,1.271e-05,1.316e-05,1097939.3607042478
1574265600000,1.31e-05,1.335e-05,1.205e-05,1.214e-05,1725560.5275780235
1574352000000,1.215e-05,1.265e-05,1.188e-05,1.239e-05,1498774.0364154514
1574438400000,1.238e-05,1.29e-05,1.209e-05,1.278e-05,796965.8613946273
1574524800000,1.277e-05,1.33e-05,1.216e-05,1.225e-05,308547.83151397377
1574611200000,1.233e-05,1.31e-05,1.2e-05,1.269e-05,830523.6071577262
1574697600000,1.273e-05,1.28e-05,1.206e-05,1.248e-05,1302914.084325178
1574784000000,1.25e-05,1.319e-05,1.215e-05,1.3e-05,2556549.89
1574870400000,1.298e-05,1.304e-05,1.236e-05,1.248e-05,5575012.368287994
1574956800000,1.248e-05,1.267e-05,1.244e-05,1.253e-05,4168692.6844435674
1575043200000,1.252e-05,1.257e-05,1.171e-05,1.219e-05,3949471.269751985
1575129600000,1.22e-05,1.38e-05,1.218e-05,1.38e-05,4592671.452153948
1575216000000,1.379e-05,1.426e-05,1.27e-05,1.275e-05,5473850.589829122
1575302400000,1.276e-05,1.324e-05,1.211e-05,1.266e-05,9930303.132761413
1575388800000,1.266e-05,1.33e-05,1.252e-05,1.29e-05,5100413.514574687
1575475200000,1.29e-05,1.319e-05,1.28e-05,1.291e-05,6315563.0860883035
1575561600000,1.287e-05,1.321e-05,1.276e-05,1.285e-05,6877305.988224884
1575648000000,1.286e-05,1.293e-05,1.246e-05,1.278e-05,6878923.996261832
1575734400000,1.278e-05,1.3e-05,1.267e-05,1.291e-05,6812298.93
1575820800000,1.294e-05,1.294e-05,1.244e-05,1.259e-05,6753784.230270056
1575907200000,1.261e-05,1.335e-05,1.258e-05,1.301e-05,7269137.37
1575993600000,1.306e-05,1.334e-05,1.288e-05,1.317e-05,9327459.44
1576080000000,1.316e-05,1.326e-05,1.287e-05,1.306e-05,9528610.931883017
1576166400000,1.306e-05,1.329e-05,1.275e-05,1.322e-05,9658044.790181886
1576252800000,1.323e-05,1.325e-05,1.285e-05,1.303e-05,9194713.29
1576339200000,1.303e-05,1.316e-05,1.286e-05,1.292e-05,9096116.74555046
1576425600000,1.292e-05,1.323e-05,1.272e-05,1.277e-05,9174035.438121296
1576512000000,1.278e-05,1.299e-05,1.25e-05,1.282e-05,9522794.55
1576598400000,1.284e-05,1.297e-05,1.244e-05,1.267e-05,9217670.275517588
1576684800000,1.266e-05,1.288e-05,1.207e-05,1.227e-05,9169553.286436614
1576771200000,1.225e-05,1.282e-05,1.218e-05,1.245e-05,8323676.127149693
1576857600000,1.242e-05,1.3e-05,1.239e-05,1.28e-05,8687878.65391473
1576944000000,1.28e-05,1.298e-05,1.247e-05,1.278e-05,8672098.613192488
1577030400000,1.278e-05,1.29e-05,1.245e-05,1.247e-05,8712393.116945107
1577116800000,1.247e-05,1.275e-05,1.201e-05,1.235e-05,8764043.463858193
1577203200000,1.235e-05,1.299e-05,1.219e-05,1.236e-05,8029487.644953552
1577289600000,1.235e-05,1.277e-05,1.23e-05,1.256e-05,7920590.286730615
1577376000000,1.256e-05,1.274e-05,1.216e-05,1.274e-05,9273610.160333935
1577462400000,1.271e-05,1.315e-05,1.266e-05,1.29e-05,10590916.470690275
1577548800000,1.29e-05,1.318e-05,1.274e-05,1.317e-05,9571292.484907407
1577635200000,1.317e-05,1.356e-05,1.304e-05,1.344e-05,9695722.575065609
1577721600000,1.344e-05,1.384e-05,1.316e-05,1.324e-05,9841709.507391868
1577808000000,1.324e-05,1.376e-05,1.319e-05,1.37e-05,8915465.47
1577894400000,1.372e-05,1.487e-05,1.353e-05,1.487e-05,10042748.011028918
1577980800000,1.486e-05,1.527e-05,1.43e-05,1.447e-05,8778370.574403495
1578067200000,1.447e-05,1.543e-05,1.437e-05,1.461e-05,9583529.986550853
1578153600000,1.462e-05,1.6e-05,1.462e-05,1.578e-05,9021886.13795804
1578240000000,1.579e-05,1.583e-05,1.465e-05,1.476e-05,5658298.535681087
1578326400000,1.473e-05,1.542e-05,1.401e-05,1.432e-05,4913501.920681386
1578412800000,1.434e-05,1.65e-05,1.421e-05,1.461e-05,10000422.038803246
1578499200000,1.462e-05,1.499e-05,1.353e-05,1.37e-05,10140889.047739593
1578585600000,1.369e-05,1.457e-05,1.367e-05,1.413e-05,9677489.308687782
1578672000000,1.416e-05,1.524e-05,1.414e-05,1.488e-05,9518908.85997461
1578758400000,1.486e-05,1.492e-05,1.447e-05,1.448e-05,9040228.428419385
1578844800000,1.449e-05,1.46e-05,1.376e-05,1.382e-05,5743668.723383562
1578931200000,1.382e-05,1.383e-05,1.209e-05,1.313e-05,3171119.8772591464
1579017600000,1.313e-05,1.335e-05,1.165e-05,1.172e-05,7087118.322512198
1579104000000,1.172e-05,1.203e-05,1.066e-05,1.095e-05,7957648.152038619
1579190400000,1.094e-05,1.24e-05,1.081e-05,1.204e-05,6730276.885129971
1579276800000,1.204e-05,1.251e-05,1.178e-05,1.193e-05,5791572.177695313
1579363200000,1.193e-05,1.256e-05,1.188e-05,1.24e-05,5035722.733272293
1579449600000,1.242e-05,1.275e-05,1.217e-05,1.231e-05,4387290.132414651
1579536000000,1.232e-05,1.271e-05,1.094e-05,1.217e-05,11008401.01238649
1579622400000,1.221e-05,1.234e-05,1.157e-05,1.199e-05,8452782.547510238
1579708800000,1.198e-05,1.286e-05,1.197e-05,1.228e-05,6191060.25
1579795200000,1.227e-05,1.23e-05,1.144e-05,1.187e-05,6953920.3600066295
1579881600000,1.191e-05,1.243e-05,1.16e-05,1.241e-05,6449950.018956229
1579968000000,1.241e-05,1.253e-05,1.216e-05,1.249e-05,9295779.70531778
1580054400000,1.249e-05,1.309e-05,1.243e-05,1.287e-05,7207243.922746339
1580140800000,1.287e-05,1.375e-05,1.283e-05,1.342e-05,10757848.013464125
1580227200000,1.334e-05,1.596e-05,1.333e-05,1.549e-05,11999026.14557769
1580313600000,1.549e-05,1.58e-05,1.356e-05,1.484e-05,7844041.671419406
1580400000000,1.491e-05,1.531e-05,1.477e-05,1.519e-05,10015047.959566778
1580486400000,1.522e-05,1.708e-05,1.502e-05,1.698e-05,7519155.511869423
1580572800000,1.703e-05,1.715e-05,1.567e-05,1.672e-05,2621536.5168915167
1580659200000,1.672e-05,1.735e-05,1.6e-05,1.645e-05,7929757.50352076
1580745600000,1.645e-05,1.7e-05,1.59e-05,1.602e-05,3482799.072589599
1580832000000,1.602e-05,1.631e-05,1.55e-05,1.627e-05,5648329.664041553
1580918400000,1.626e-05,1.76e-05,1.609e-05,1.717e-05,10031267.270552427
1581004800000,1.716e-05,1.789e-05,1.702e-05,1.746e-05,10002473.29862213
1581091200000,1.744e-05,1.828e-05,1.706e-05,1.8e-05,9021593.862377299
1581177600000,1.801e-05,1.827e-05,1.719e-05,1.768e-05,9461381.17140243
1581264000000,1.769e-05,1.95e-05,1.757e-05,1.927e-05,6468205.922831348
1581350400000,1.927e-05,1.949e-05,1.866e-05,1.893e-05,6264580.6452235775
1581436800000,1.895e-05,2.101e-05,1.851e-05,2.085e-05,4438148.690034122
1581523200000,2.091e-05,2.229e-05,2.055e-05,2.071e-05,3927666.3334674556
1581609600000,2.078e-05,2.223e-05,2.006e-05,2.127e-05,8242453.635623798
1581696000000,2.127e-05,2.201e-05,2.087e-05,2.136e-05,7577926.018264531
1581782400000,2.123e-05,2.14e-05,2.03e-05,2.051e-05,8751257.289293764
1581868800000,2.045e-05,2.07e-05,1.93e-05,2.034e-05,9096160.753975011
1581955200000,2.031e-05,2.16e-05,1.97e-05,2.013e-05,9627509.72506633
1582041600000,2.01e-05,2.036e-05,1.869e-05,1.951e-05,9546700.087213356
1582128000000,1.951e-05,1.998e-05,1.9e-05,1.913e-05,8327353.439614319
1582214400000,1.91e-05,1.999e-05,1.89e-05,1.995e-05,8372151.651442722
1582300800000,1.992e-05,2e-05,1.926e-05,1.931e-05,8031657.705985144
1582387200000,1.93e-05,2.044e-05,1.927e-05,2.013e-05,7465561.915100084
1582473600000,2.013e-05,2.04e-05,1.94e-05,1.942e-05,4741450.550573781
1582560000000,1.942e-05,1.955e-05,1.8e-05,1.809e-05,8059064.869592421
1582646400000,1.809e-05,1.812e-05,1.701e-05,1.718e-05,8904007.80432512
1582732800000,1.711e-05,2.037e-05,1.701e-05,1.749e-05,9878459.438561196
1582819200000,1.75e-05,1.86e-05,1.711e-05,1.724e-05,7374833.212648598
1582905600000,1.721e-05,1.753e-05,1.712e-05,1.74e-05,6662432.54859159
1582992000000,1.741e-05,1.825e-05,1.735e-05,1.811e-05,3616254.226388443
1583078400000,1.81e-05,1.962e-05,1.768e-05,1.939e-05,7717182.596526882
1583164800000,1.936e-05,2.11e-05,1.91e-05,1.916e-05,4126619.008361486
1583251200000,1.916e-05,2.085e-05,1.893e-05,2.041e-05,6650566.95516472
1583337600000,2.041e-05,2.2e-05,1.982e-05,2.059e-05,8903625.691152306
1583424000000,2.06e-05,2.09e-05,1.96e-05,1.997e-05,4213561.652451659
1583510400000,1.997e-05,2.21e-05,1.985e-05,2.089e-05,7627830.719846797
1583596800000,2.082e-05,2.084e-05,2e-05,2.013e-05,3156003.7032799697
1583683200000,2.014e-05,2.014e-05,1.712e-05,1.774e-05,6649497.913194154
1583769600000,1.768e-05,2e-05,1.767e-05,1.868e-05,7234320.73979766
1583856000000,1.868e-05,2.02e-05,1.826e-05,1.842e-05,2844273.9015724636
1583942400000,1.843e-05,1.912e-05,1.56e-05,1.852e-05,5508238.273454095
1584028800000,1.85e-05,1.915e-05,1.524e-05,1.767e-05,3990502.111863968
1584115200000,1.768e-05,1.914e-05,1.67e-05,1.903e-05,9955646.026200958
1584201600000,1.905e-05,1.909e-05,1.728e-05,1.788e-05,9409124.48349351
1584288000000,1.789e-05,1.869e-05,1.606e-05,1.633e-05,13758730.918248758
1584374400000,1.634e-05,1.705e-05,1.603e-05,1.669e-05,11849864.346772743
1584460800000,1.669e-05,1.723e-05,1.642e-05,1.673e-05,11912450.20423338
1584547200000,1.672e-05,1.702e-05,1.629e-05,1.69e-05,12056054.925946638
1584633600000,1.691e-05,1.848e-05,1.691e-05,1.779e-05,9844969.229287134
1584720000000,1.785e-05,1.791e-05,1.61e-05,1.704e-05,8182430.16936371
1584806400000,1.701e-05,1.798e-05,1.682e-05,1.692e-05,3151188.6409100373
1584892800000,1.691e-05,1.7e-05,1.618e-05,1.64e-05,6625974.577645582
1584979200000,1.64e-05,1.722e-05,1.625e-05,1.625e-05,5633398.7548117135
1585065600000,1.624e-05,1.626e-05,1.519e-05,1.519e-05,2857110.322942648
1585152000000,1.524e-05,1.634e-05,1.521e-05,1.627e-05,10468794.390437663
1585238400000,1.627e-05,1.654e-05,1.581e-05,1.612e-05,9092900.922168633
1585324800000,1.611e-05,1.684e-05,1.595e-05,1.659e-05,12407894.068321826
1585411200000,1.66e-05,1.715e-05,1.65e-05,1.708e-05,12093398.590694211
1585497600000,1.71e-05,1.722e-05,1.607e-05,1.668e-05,12327447.97535419
1585584000000,1.668e-05,1.68e-05,1.646e-05,1.667e-05,11184467.46932792
1585670400000,1.668e-05,1.722e-05,1.662e-05,1.705e-05,3928204.056359366
1585756800000,1.705e-05,1.712e-05,1.657e-05,1.66e-05,2427427.8926180773
1585843200000,1.659e-05,1.68e-05,1.629e-05,1.642e-05,5433580.376083239
1585929600000,1.642e-05,1.672e-05,1.62e-05,1.663e-05,4064538.3917073407
1586016000000,1.663e-05,1.683e-05,1.62e-05,1.623e-05,3094406.465854829
1586102400000,1.623e-05,1.698e-05,1.62e-05,1.697e-05,3372904.83
1586188800000,1.697e-05,1.735e-05,1.645e-05,1.646e-05,6967294.180454174
1586275200000,1.647e-05,1.7e-05,1.637e-05,1.651e-05,5548100.805784748
1586361600000,1.65e-05,1.666e-05,1.582e-05,1.664e-05,2028456.6213149684
1586448000000,1.664e-05,1.693e-05,1.627e-05,1.628e-05,2588874.0878678164
1586534400000,1.629e-05,1.648e-05,1.57e-05,1.626e-05,5131751.446549244
1586620800000,1.625e-05,1.626e-05,1.593e-05,1.608e-05,4087749.4572911104
1586707200000,1.607e-05,1.615e-05,1.51e-05,1.544e-05,1873478.7448544183
1586793600000,1.544e-05,1.597e-05,1.495e-05,1.584e-05,7667244.649912217
1586880000000,1.585e-05,1.586e-05,1.525e-05,1.528e-05,6780629.940715029
1586966400000,1.528e-05,1.607e-05,1.525e-05,1.604e-05,4847294.31148911
1587052800000,1.605e-05,1.609e-05,1.547e-05,1.564e-05,5600357.13717948
1587139200000,1.564e-05,1.588e-05,1.509e-05,1.52e-05,5069632.439638243
1587225600000,1.519e-05,1.552e-05,1.469e-05,1.493e-05,5192047.936180065
1587312000000,1.492e-05,1.503e-05,1.438e-05,1.461e-05,5592151.484346824
1587398400000,1.463e-05,1.56e-05,1.45e-05,1.53e-05,5414381.109291254
1587484800000,1.532e-05,1.544e-05,1.514e-05,1.528e-05,4951973.255040883
1587571200000,1.528e-05,1.538e-05,1.451e-05,1.457e-05,5684257.214222787
1587657600000,1.457e-05,1.476e-05,1.434e-05,1.436e-05,4291280.168170452
1587744000000,1.436e-05,1.451e-05,1.365e-05,1.378e-05,1276624.25
1587830400000,1.377e-05,1.411e-05,1.366e-05,1.371e-05,5247053.327848921
1587916800000,1.372e-05,1.394e-05,1.307e-05,1.322e-05,5593594.020447502
1588003200000,1.322e-05,1.369e-05,1.311e-05,1.364e-05,4066100.13
1588089600000,1.365e-05,1.378e-05,1.31e-05,1.321e-05,2755415.02701107
1588176000000,1.321e-05,1.322e-05,1.2e-05,1.253e-05,6253324.914270996
1588262400000,1.253e-05,1.288e-05,1.207e-05,1.246e-05,9331042.215783622
1588348800000,1.247e-05,1.297e-05,1.2e-05,1.243e-05,9825957.8576334
1588435200000,1.243e-05,1.267e-05,1.165e-05,1.201e-05,8462779.315690923
1588521600000,1.203e-05,1.249e-05,1.2e-05,1.249e-05,3522355.8630649135
1588608000000,1.249e-05,1.278e-05,1.207e-05,1.216e-05,4850255.17
1588694400000,1.216e-05,1.278e-05,1.198e-05,1.219e-05,4417110.6131611895
1588780800000,1.219e-05,1.222e-05,1.168e-05,1.173e-05,4024946.869420655
1588867200000,1.172e-05,1.179e-05,9.76e-06,1.053e-05,5712299.608817416
1588953600000,1.051e-05,1.099e-05,1.046e-05,1.093e-05,4748429.8728500595
1589040000000,1.093e-05,1.153e-05,1.077e-05,1.104e-05,5901313.249929401
1589126400000,1.108e-05,1.186e-05,1.058e-05,1.13e-05,3637285.461308659
1589212800000,1.135e-05,1.204e-05,1.132e-05,1.203e-05,5770980.354006892
1589299200000,1.204e-05,1.264e-05,1.191e-05,1.257e-05,6534586.915495267
1589385600000,1.258e-05,1.293e-05,1.172e-05,1.172e-05,5891368.544395568
1589472000000,1.172e-05,1.201e-05,1.165e-05,1.183e-05,2794472.0070219
1589558400000,1.184e-05,1.199e-05,1.171e-05,1.189e-05,2069457.9878230477
1589644800000,1.189e-05,1.189e-05,1.138e-05,1.14e-05,2230792.81
1589731200000,1.14e-05,1.155e-05,1.111e-05,1.122e-05,2732900.8118568594
1589817600000,1.121e-05,1.162e-05,1.109e-05,1.161e-05,5051196.474374366
1589904000000,1.161e-05,1.18e-05,1.075e-05,1.125e-05,4793310.502695125
1589990400000,1.125e-05,1.189e-05,1.119e-05,1.173e-05,3261331.1784149767
1590076800000,1.171e-05,1.204e-05,1.164e-05,1.202e-05,3845934.776456672
1590163200000,1.202e-05,1.262e-05,1.2e-05,1.229e-05,3325709.5768253966
1590249600000,1.229e-05,1.282e-05,1.225e-05,1.269e-05,5700276.114783878
1590336000000,1.269e-05,1.318e-05,1.26e-05,1.304e-05,5681766.283670158
1590422400000,1.303e-05,1.381e-05,1.291e-05,1.352e-05,5479247.292354949
1590508800000,1.354e-05,1.406e-05,1.35e-05,1.395e-05,4268573.825989174
1590595200000,1.395e-05,1.418e-05,1.28e-05,1.312e-05,4168329.607415771
1590681600000,1.313e-05,1.425e-05,1.311e-05,1.407e-05,5286767.315571671
1590768000000,1.408e-05,1.462e-05,1.369e-05,1.401e-05,5458229.909303745
1590854400000,1.401e-05,1.442e-05,1.354e-05,1.358e-05,4605122.104430709
1590940800000,1.359e-05,1.42e-05,1.333e-05,1.388e-05,4872663.7289322475
1591027200000,1.388e-05,1.628e-05,1.267e-05,1.278e-05,9049684.861699456
1591113600000,1.281e-05,1.31e-05,1.2e-05,1.27e-05,5994864.116392306
1591200000000,1.27e-05,1.4e-05,1.243e-05,1.281e-05,5350092.694200753
1591286400000,1.281e-05,1.321e-05,1.234e-05,1.265e-05,5381314.595682578
1591372800000,1.265e-05,1.359e-05,1.253e-05,1.356e-05,3660681.217305494
1591459200000,1.356e-05,1.379e-05,1.336e-05,1.34e-05,4795289.093599601
1591545600000,1.34e-05,1.361e-05,1.31e-05,1.313e-05,2974655.727179796
1591632000000,1.313e-05,1.32e-05,1.168e-05,1.289e-05,2658069.9569735997
1591718400000,1.289e-05,1.339e-05,1.285e-05,1.337e-05,8578307.385675114
1591804800000,1.337e-05,1.343e-05,1.293e-05,1.303e-05,9123750.607455628
1591891200000,1.302e-05,1.388e-05,1.287e-05,1.385e-05,5387863.166938869
1591977600000,1.384e-05,1.385e-05,1.323e-05,1.343e-05,4196645.8893647175
1592064000000,1.343e-05,1.368e-05,1.339e-05,1.341e-05,3649501.997732778
1592150400000,1.34e-05,1.368e-05,1.318e-05,1.337e-05,4610215.5015287995
1592236800000,1.338e-05,1.554e-05,1.312e-05,1.541e-05,3359989.8952694717
1592323200000,1.539e-05,1.599e-05,1.443e-05,1.552e-05,6708486.722834275
1592409600000,1.552e-05,1.705e-05,1.55e-05,1.671e-05,6238004.346946555
1592496000000,1.67e-05,1.974e-05,1.67e-05,1.915e-05,9416755.269478608
1592582400000,1.915e-05,1.941e-05,1.74e-05,1.764e-05,6392910.460212845
1592668800000,1.764e-05,2.055e-05,1.758e-05,1.959e-05,7310515.089836157
1592755200000,1.958e-05,2.153e-05,1.878e-05,2.059e-05,6043441.182053347
1592841600000,2.061e-05,2.103e-05,1.977e-05,2.024e-05,7524084.481820192
1592928000000,2.024e-05,2.066e-05,1.923e-05,1.953e-05,3644219.6252111536
1593014400000,1.953e-05,2.031e-05,1.948e-05,2.004e-05,3463505.566154693
1593100800000,2.004e-05,2.229e-05,2.002e-05,2.222e-05,5609568.977406442
1593187200000,2.222e-05,2.224e-05,2.045e-05,2.104e-05,5636340.328704668
1593273600000,2.105e-05,2.105e-05,2.03e-05,2.097e-05,6600357.679674585
1593360000000,2.095e-05,2.158e-05,2.006e-05,2.046e-05,6899071.441202281
1593446400000,2.044e-05,2.195e-05,2.026e-05,2.19e-05,6521176.15448004
1593532800000,2.189e-05,2.517e-05,2.17e-05,2.412e-05,9925279.417634526
1593619200000,2.414e-05,2.545e-05,2.367e-05,2.384e-05,6396972.515792202
1593705600000,2.384e-05,2.426e-05,1.9e-05,2.208e-05,10089728.921894329
1593792000000,2.208e-05,2.261e-05,2.166e-05,2.243e-05,4790430.173444392
1593878400000,2.243e-05,2.381e-05,2.24e-05,2.338e-05,4420036.785248011
1593964800000,2.338e-05,2.358e-05,2.1e-05,2.137e-05,3873729.680210644
1594051200000,2.137e-05,2.366e-05,2.118e-05,2.303e-05,4392078.112714491
1594137600000,2.303e-05,2.379e-05,2.229e-05,2.352e-05,3170664.8222457445
1594224000000,2.352e-05,2.422e-05,2.256e-05,2.392e-05,6002466.217198247
1594310400000,2.393e-05,2.418e-05,2.346e-05,2.386e-05,5417506.288065291
1594396800000,2.388e-05,2.432e-05,2.367e-05,2.412e-05,5006046.004568737
1594483200000,2.411e-05,2.537e-05,2.402e-05,2.49e-05,5727399.994674121
1594569600000,2.49e-05,2.601e-05,2.364e-05,2.455e-05,5630112.489167238
1594656000000,2.455e-05,2.47e-05,2.143e-05,2.164e-05,6421801.825393514
1594742400000,2.163e-05,2.2e-05,1.9e-05,2.183e-05,5700161.648637435
1594828800000,2.182e-05,2.26e-05,2e-05,2.03e-05,5302069.012179365
1594915200000,2.029e-05,2.115e-05,1.851e-05,2.11e-05,3395101.92841848
1595001600000,2.11e-05,2.23e-05,2.01e-05,2.058e-05,1496156.1142438033
1595088000000,2.06e-05,2.254e-05,2.023e-05,2.188e-05,3229993.8196085114
1595174400000,2.188e-05,2.193e-05,2.037e-05,2.119e-05,3308681.1593130347
1595260800000,2.118e-05,2.213e-05,2.085e-05,2.12e-05,3758894.2315608435
1595347200000,2.121e-05,2.217e-05,2.02e-05,2.141e-05,2755369.978858486
1595433600000,2.142e-05,2.18e-05,1.976e-05,2.061e-05,3103530.1311468994
1595520000000,2.058e-05,2.11e-05,2e-05,2.059e-05,4035926.771307259
1595606400000,2.06e-05,2.24e-05,2.053e-05,2.184e-05,3246844.096624072
1595692800000,2.184e-05,2.45e-05,2.1e-05,2.147e-05,4204473.677844631
1595779200000,2.141e-05,2.321e-05,2.02e-05,2.063e-05,3418971.5377358748
1595865600000,2.066e-05,2.085e-05,1.981e-05,2.051e-05,3604041.2611668357
1595952000000,2.049e-05,2.239e-05,2.046e-05,2.102e-05,5019522.948864531
1596038400000,2.103e-05,2.15e-05,2.04e-05,2.087e-05,3999610.001268796
1596124800000,2.094e-05,2.13e-05,2.025e-05,2.086e-05,7050605.6339087365
1596211200000,2.085e-05,2.098e-05,1.909e-05,1.924e-05,5548762.072364539
1596297600000,1.918e-05,2.037e-05,1.818e-05,1.91e-05,5056339.057782896
1596384000000,1.911e-05,2.051e-05,1.759e-05,1.998e-05,4848162.949486362
1596470400000,1.996e-05,2.022e-05,1.904e-05,1.984e-05,5785295.116498774
1596556800000,1.984e-05,2.143e-05,1.438e-05,1.513e-05,12657568.7088378
1596643200000,1.513e-05,1.693e-05,1.333e-05,1.52e-05,7626765.180200951
1596729600000,1.52e-05,1.591e-05,1.433e-05,1.496e-05,5414265.348449325
1596816000000,1.496e-05,1.502e-05,1.3e-05,1.353e-05,6235779.826475921
1596902400000,1.355e-05,1.459e-05,1.304e-05,1.441e-05,7485117.897956809
1596988800000,1.445e-05,1.492e-05,1.306e-05,1.423e-05,6112015.980623378
1597075200000,1.421e-05,1.581e-05,1.381e-05,1.406e-05,5784661.700886102
1597161600000,1.406e-05,1.6e-05,1.39e-05,1.514e-05,6883698.060302897
1597248000000,1.512e-05,1.534e-05,1.413e-05,1.445e-05,8967030.878517663
1597334400000,1.445e-05,1.457e-05,1.21e-05,1.298e-05,8088519.258583262
1597420800000,1.299e-05,1.42e-05,1.155e-05,1.164e-05,7931828.489690211
1597507200000,1.164e-05,1.2e-05,1.001e-05,1.099e-05,11512074.376141414
1597593600000,1.093e-05,1.247e-05,9.4e-06,1.178e-05,8728965.14569227
1597680000000,1.174e-05,1.25e-05,1.075e-05,1.113e-05,8394264.664426286
1597766400000,1.112e-05,1.208e-05,1.001e-05,1.143e-05,10424130.63095664
1597852800000,1.143e-05,1.193e-05,1.054e-05,1.106e-05,6465593.235517491
1597939200000,1.107e-05,1.156e-05,1.081e-05,1.138e-05,7698599.456010792
1598025600000,1.138e-05,1.157e-05,1.099e-05,1.128e-05,5788296.1405126555
1598112000000,1.127e-05,1.192e-05,1.123e-05,1.168e-05,7310974.999532353
1598198400000,1.168e-05,1.186e-05,1.099e-05,1.16e-05,7220557.285766229
1598284800000,1.16e-05,1.23e-05,1.118e-05,1.162e-05,8546209.03871403
1598371200000,1.161e-05,1.297e-05,1.102e-05,1.241e-05,8885504.636584679
1598457600000,1.241e-05,1.414e-05,1.222e-05,1.315e-05,7206406.305805823
1598544000000,1.315e-05,1.482e-05,1.2e-05,1.449e-05,7253907.546254894
1598630400000,1.45e-05,1.579e-05,1.23e-05,1.334e-05,13464994.880979763
1598716800000,1.335e-05,1.368e-05,1.231e-05,1.296e-05,6081427.1164314
1598803200000,1.298e-05,1.419e-05,1.245e-05,1.379e-05,7444766.869410714
1598889600000,1.378e-05,1.567e-05,1.327e-05,1.389e-05,10444235.398454644
1598976000000,1.39e-05,1.515e-05,1.3e-05,1.356e-05,9323365.540636083
1599062400000,1.361e-05,1.645e-05,1.17e-05,1.287e-05,19910765.90113703
1599148800000,1.282e-05,1.376e-05,1.2e-05,1.228e-05,6824852.898311241
1599235200000,1.228e-05,1.296e-05,1.131e-05,1.194e-05,4648631.084770486
1599321600000,1.195e-05,1.202e-05,1.143e-05,1.2e-05,5853981.4901041705
1599408000000,1.201e-05,1.24e-05,1.135e-05,1.176e-05,6225230.619556672
1599494400000,1.176e-05,1.34e-05,1.175e-05,1.312e-05,6027295.6
1599580800000,1.314e-05,1.359e-05,1.231e-05,1.294e-05,5042599.509648181
1599667200000,1.292e-05,1.294e-05,1.223e-05,1.259e-05,4758562.942627448
1599753600000,1.259e-05,1.288e-05,1.221e-05,1.24e-05,4811777.394206824
1599840000000,1.24e-05,1.282e-05,1.228e-05,1.234e-05,3917917.8816519626
1599926400000,1.234e-05,1.251e-05,1.18e-05,1.207e-05,3825730.6446544547
1600012800000,1.207e-05,1.218e-05,1.177e-05,1.202e-05,5292751.16
1600099200000,1.205e-05,1.223e-05,1.15e-05,1.163e-05,5047491.209783437
1600185600000,1.164e-05,1.177e-05,1.075e-05,1.119e-05,5772033.022884813
1600272000000,1.116e-05,1.129e-05,1.071e-05,1.112e-05,4303563.968504924
1600358400000,1.108e-05,1.15e-05,1.07e-05,1.085e-05,6154967.03
1600444800000,1.084e-05,1.117e-05,1.055e-05,1.074e-05,7411712.792138156
1600531200000,1.075e-05,1.09e-05,1.039e-05,1.08e-05,6253197.52
1600617600000,1.079e-05,1.133e-05,1.075e-05,1.122e-05,6667299.34
1600704000000,1.122e-05,1.176e-05,1.115e-05,1.164e-05,6072310.42
1600790400000,1.165e-05,1.189e-05,1.154e-05,1.167e-05,4064449.671499334
1600876800000,1.168e-05,1.239e-05,1.148e-05,1.223e-05,5459523.518935015
1600963200000,1.221e-05,1.239e-05,1.186e-05,1.198e-05,4885550.181810766
1601049600000,1.195e-05,1.219e-05,1.183e-05,1.212e-05,4030789.4367771335
1601136000000,1.212e-05,1.228e-05,1.193e-05,1.211e-05,4066544.6520428336
1601222400000,1.21e-05,1.23e-05,1.183e-05,1.228e-05,6578865.485885529
1601308800000,1.226e-05,1.248e-05,1.21e-05,1.238e-05,7713240.7873724
1601395200000,1.24e-05,1.285e-05,1.236e-05,1.278e-05,7515204.286675699
1601481600000,1.277e-05,1.432e-05,1.274e-05,1.358e-05,8036820.188763097
1601568000000,1.359e-05,1.371e-05,1.315e-05,1.335e-05,5799234.27422549
1601654400000,1.333e-05,1.386e-05,1.304e-05,1.346e-05,6400252.562223888
1601740800000,1.345e-05,1.359e-05,1.304e-05,1.321e-05,3600253.195756641
1601827200000,1.32e-05,1.324e-05,1.213e-05,1.226e-05,4001753.8860959727
1601913600000,1.23e-05,1.284e-05,1.2e-05,1.244e-05,5886683.374814889
1602000000000,1.243e-05,1.247e-05,1.202e-05,1.222e-05,4370234.409132142
1602086400000,1.222e-05,1.224e-05,1.144e-05,1.158e-05,3965103.087740483
1602172800000,1.159e-05,1.179e-05,1.144e-05,1.164e-05,3642024.367340399
1602259200000,1.164e-05,1.168e-05,1.11e-05,1.153e-05,4536485.200407803
1602345600000,1.15e-05,1.168e-05,1.105e-05,1.142e-05,4530038.074423482
1602432000000,1.142e-05,1.147e-05,1.082e-05,1.118e-05,4157754.7035482274
1602518400000,1.12e-05,1.143e-05,1.013e-05,1.135e-05,9605820.98455174
1602604800000,1.135e-05,1.177e-05,1.079e-05,1.115e-05,8966960.984891294
1602691200000,1.117e-05,1.224e-05,1.105e-05,1.2e-05,5779780.12460692
1602777600000,1.204e-05,1.299e-05,1.168e-05,1.2e-05,3891676.0111013763
1602864000000,1.198e-05,1.296e-05,1.18e-05,1.234e-05,3115743.053390969
1602950400000,1.233e-05,1.323e-05,1.193e-05,1.265e-05,3120180.3821046418
1603036800000,1.262e-05,1.332e-05,1.24e-05,1.268e-05,3885639.9371590614
1603123200000,1.269e-05,1.355e-05,1.178e-05,1.199e-05,3306600.6363047333
1603209600000,1.201e-05,1.245e-05,1.169e-05,1.197e-05,7150162.09970082
1603296000000,1.193e-05,1.224e-05,1.112e-05,1.149e-05,9533851.627826428
1603382400000,1.149e-05,1.185e-05,1.096e-05,1.162e-05,7249207.1927329
1603468800000,1.157e-05,1.176e-05,1.071e-05,1.102e-05,2731512.965164144
1603555200000,1.1e-05,1.136e-05,1.07e-05,1.101e-05,4859584.15
1603641600000,1.105e-05,1.134e-05,1.07e-05,1.08e-05,13448040.523666667
1603728000000,1.08e-05,1.133e-05,1.07e-05,1.125e-05,3985694.9281505896
1603814400000,1.123e-05,1.26e-05,1.096e-05,1.239e-05,7046612.61895975
1603900800000,1.238e-05,1.308e-05,1.18e-05,1.201e-05,13010078.980451558
1603987200000,1.199e-05,1.319e-05,1.187e-05,1.217e-05,10825504.340157107
1604073600000,1.215e-05,1.278e-05,1.155e-05,1.252e-05,12540894.570430506
1604160000000,1.252e-05,1.315e-05,1.177e-05,1.237e-05,12570738.900880752
1604246400000,1.237e-05,1.342e-05,1.233e-05,1.301e-05,13196124.085434057
1604332800000,1.298e-05,1.33e-05,1.172e-05,1.182e-05,12019470.723058593
1604419200000,1.182e-05,1.296e-05,1.167e-05,1.215e-05,11396689.961472569
1604505600000,1.214e-05,1.269e-05,1.132e-05,1.16e-05,12146339.652098328
1604592000000,1.157e-05,1.183e-05,1.114e-05,1.148e-05,11960916.510255815
1604678400000,1.153e-05,1.155e-05,1.08e-05,1.09e-05,11684297.52965986
1604764800000,1.092e-05,1.173e-05,1.079e-05,1.102e-05,12130550.91310225
1604851200000,1.098e-05,1.155e-05,1.05e-05,1.101e-05,14091300.756955694
1604937600000,1.101e-05,1.107e-05,1.061e-05,1.094e-05,10900669.655872583
1605024000000,1.092e-05,1.23e-05,1.075e-05,1.166e-05,9797836.317000944
1605110400000,1.162e-05,1.224e-05,1.11e-05,1.155e-05,7815571.928194522
1605196800000,1.147e-05,1.267e-05,1.132e-05,1.213e-05,6452612.836001074
1605283200000,1.214e-05,1.38e-05,1.195e-05,1.267e-05,9889592.744631322
1605369600000,1.264e-05,1.332e-05,1.244e-05,1.287e-05,10059783.13247868
1605456000000,1.286e-05,1.304e-05,1.213e-05,1.235e-05,5687043.209717581
1605542400000,1.232e-05,1.301e-05,1.18e-05,1.227e-05,5969677.514871464
1605628800000,1.228e-05,1.533e-05,1.187e-05,1.229e-05,8907066.127365952
1605715200000,1.233e-05,1.331e-05,1.222e-05,1.258e-05,10356018.270489948
1605801600000,1.256e-05,1.275e-05,1.163e-05,1.271e-05,12083264.324124074
1605888000000,1.274e-05,1.43e-05,1.225e-05,1.325e-05,8223748.53860986
1605974400000,1.327e-05,1.38e-05,1.249e-05,1.351e-05,8817076.062723733
1606060800000,1.353e-05,1.447e-05,1.327e-05,1.358e-05,7064075.775361614
1606147200000,1.355e-05,1.424e-05,1.237e-05,1.248e-05,4872011.585015637
1606233600000,1.246e-05,1.401e-05,1.15e-05,1.294e-05,3334846.046780943
1606320000000,1.292e-05,1.361e-05,1.22e-05,1.354e-05,8493287.499900004
1606406400000,1.355e-05,1.375e-05,1.273e-05,1.369e-05,9988552.4984228
1606492800000,1.366e-05,1.532e-05,1.362e-05,1.477e-05,10208205.368906025
1606579200000,1.477e-05,1.779e-05,1.386e-05,1.777e-05,12902849.17068279
1606665600000,1.772e-05,1.799e-05,1.54e-05,1.542e-05,7889714.434188002
1606752000000,1.546e-05,1.793e-05,1.464e-05,1.638e-05,6891475.302727783
1606838400000,1.636e-05,1.89e-05,1.582e-05,1.682e-05,6880859.277587359
1606924800000,1.68e-05,1.808e-05,1.582e-05,1.749e-05,8965206.762114085
1607011200000,1.746e-05,2.092e-05,1.727e-05,1.999e-05,8024723.703760663
1607097600000,1.997e-05,2.349e-05,1.96e-05,2.196e-05,12472598.762355844
1607184000000,2.195e-05,2.451e-05,2.16e-05,2.21e-05,7690418.365196866
1607270400000,2.21e-05,2.334e-05,1.847e-05,2.275e-05,8928645.825725056
1607356800000,2.276e-05,2.473e-05,2.199e-05,2.396e-05,6314207.293325541
1607443200000,2.39e-05,2.747e-05,2.22e-05,2.611e-05,9056341.952166073
1607529600000,2.607e-05,2.895e-05,2.482e-05,2.885e-05,7486677.89762929
1607616000000,2.881e-05,2.899e-05,2.656e-05,2.751e-05,8261719.244874381
1607702400000,2.776e-05,2.849e-05,2.68e-05,2.812e-05,6228177.049816358
1607788800000,2.813e-05,2.895e-05,2.65e-05,2.66e-05,3675147.2945993543
1607875200000,2.666e-05,2.793e-05,2.523e-05,2.696e-05,5039030.841192508
1607961600000,2.695e-05,2.8e-05,2.638e-05,2.763e-05,6642659.010334132
1608048000000,2.765e-05,3.128e-05,2.721e-05,2.778e-05,8406103.711877128
1608134400000,2.771e-05,3.291e-05,2.702e-05,2.976e-05,5868841.178411998
1608220800000,2.978e-05,3.158e-05,2.804e-05,3.043e-05,7509545.769670927
1608307200000,3.051e-05,3.31e-05,3.001e-05,3.104e-05,6864906.726253784
1608393600000,3.11e-05,3.223e-05,2.836e-05,2.903e-05,6329269.27380843
1608480000000,2.903e-05,3.069e-05,2.281e-05,2.789e-05,8533145.688724305
1608566400000,2.78e-05,2.861e-05,2.39e-05,2.769e-05,7717572.824144777
1608652800000,2.774e-05,2.831e-05,2.515e-05,2.59e-05,7221937.138539543
1608739200000,2.586e-05,2.654e-05,2.196e-05,2.456e-05,7386163.959537962
1608825600000,2.457e-05,2.65e-05,2.3e-05,2.317e-05,7188035.407651083
1608912000000,2.317e-05,2.563e-05,2.219e-05,2.408e-05,7066588.312680521
1608998400000,2.401e-05,2.474e-05,2.103e-05,2.196e-05,5683498.232512419
1609084800000,2.207e-05,2.239e-05,2.077e-05,2.188e-05,5096470.554461432
1609171200000,2.188e-05,2.24e-05,2.083e-05,2.094e-05,3868023.410793507
1609257600000,2.096e-05,2.219e-05,1.945e-05,2.018e-05,3637659.456339021
1609344000000,2.014e-05,2.026e-05,1.482e-05,1.873e-05,5062498.32647895
1609430400000,1.871e-05,2.05e-05,1.851e-05,2.011e-05,4170278.715751362
1609516800000,2.012e-05,2.036e-05,1.856e-05,1.868e-05,3365223.2593681403
1609603200000,1.864e-05,2.199e-05,1.723e-05,1.927e-05,4994158.408668214
1609689600000,1.929e-05,2.065e-05,1.797e-05,1.954e-05,4889267.221720371
1609776000000,1.948e-05,2.114e-05,1.877e-05,1.93e-05,12077788.062405467
1609862400000,1.928e-05,1.944e-05,1.7e-05,1.774e-05,4189143.8014122085
1609948800000,1.773e-05,1.98e-05,1.578e-05,1.581e-05,2649774.9350206703
1610035200000,1.583e-05,1.793e-05,1.373e-05,1.446e-05,5165343.224422641
1610121600000,1.451e-05,1.659e-05,1.36e-05,1.538e-05,4053539.7296167216
1610208000000,1.537e-05,1.62e-05,1.505e-05,1.575e-05,2120505.2448414355
1610294400000,1.575e-05,1.78e-05,1.57e-05,1.733e-05,2574839.8683713344
1610380800000,1.734e-05,1.752e-05,1.55e-05,1.595e-05,2402018.4840803444
1610467200000,1.603e-05,1.735e-05,1.568e-05,1.687e-05,1979672.7371554382
1610553600000,1.685e-05,1.764e-05,1.494e-05,1.569e-05,2408213.046143066
1610640000000,1.568e-05,1.85e-05,1.556e-05,1.828e-05,2868338.472759237
1610726400000,1.829e-05,1.967e-05,1.818e-05,1.903e-05,1006989.0330825382
